,m2,m4,m6,m8,m10,m12,m14,m16,m18,m20,m22,m24,m26,m28,m30,m32,m34,m36,m38,m40,m42,m44,m46,m48,m50,m52,m54,m56,m58,m60,m62,m64,m66,m68,m70,m72,m74,m76,m78,m80,m82,m84,m86,m88,m90,m92,m94,m96,m98,m100,m102,m104,m106,m108,m110,m112,m114,m116,m118,m120,m122,m124,m126,m128,m130,m132,m134,m136,m138,m140,m142,m144,m146,m148,m150,m152,m154,m156,m158,m160,m162,m164,m166,m168,m170,m172,m174,m176,m178,m180,m182,m184,m186,m188,m190,m192,m194,m196,m198,m200
m2,,0.4604947,0.4120141,0.488686,0.5415037,0.606168,0.4399639,0.3561362,0.5370962,0.6123092,0.5946757,0.6583961,0.4652871,0.3255247,0.5822678,0.3867998,0.4347973,0.3682908,0.5473947,0.6521179,0.6918965,0.6282328,0.6225927,0.5385043,0.3167607,0.3867411,0.7128668,0.7493009,0.3929558,0.6376093,0.5130956,0.4641872,0.5075076,0.8567495,0.6279679,0.2310897,0.6032567,0.5251671,0.6114535,0.4657746,0.5382902,,0.5953441,0.5840361,,0.6901662,0.3939063,0.0717688,0.6952944,0.6568212,0.580996,0.5356848,,,0.3861558,0.4815954,0.4411081,0.5434461,0.4385368,,0.6072979,,0.51789,,,0.5342756,,,,0.5675631,,0.5479303,0.4099616,0.7215455,0.3650081,0.3132756,0.2692616,0.549365,0.6301305,0.646777,0.2671827,0.5844169,0.5983293,0.6259328,0.5180779,0.5806294,0.5511382,0.3001793,0.8433285,0.4309141,0.5340405,0.6115854,0.5966876,0.4528209,0.4133406,,0.5325557,0.6476234,0.5686986,0.750348
m4,0.4604947,,0.3189434,0.6384137,0.369146,0.7210533,0.5518175,0.4081716,0.516672,0.6803431,0.4238926,0.6297031,0.5781468,0.3439918,0.4719985,0.3520073,0.385491,0.3084151,0.4397852,0.0223307,0.804214,0.5910036,0.7390351,0.6014945,0.2827764,0.467963,0.8588577,,0.3161329,0.6596449,0.4737084,0.6967427,0.7944107,0.4400195,0.4256012,0.2373465,0.6413187,0.5800567,0.4925062,0.330107,0.440477,0.6551298,0.7146444,0.4417252,,0.7301122,0.2816663,,,0.4538668,0.8556464,0.3433807,,,0.3130723,0.4497973,0.9540335,,0.7421354,,0.7424082,0.3846106,0.8107548,,,0.8306936,,,,0.7258196,,0.5658313,0.7350847,0.4782794,0.3795014,0.9016123,0.2803475,0.0841209,0.5807443,0.7379499,0.315598,0.4044562,0.7566161,0.6425276,0.6800479,0.777016,0.615031,0.3657421,0.3203149,0.4072671,0.6135475,0.8969029,0.6417823,0.5391919,0.1881723,,0.4009005,0.6902537,0.5625438,0.8094747
m6,0.4120141,0.3189434,,0.6268714,0.5050333,0.3923285,0.5396634,0.6767007,0.5333311,0.3497827,0.4778375,0.436391,0.6394955,0.7249899,0.2665979,0.6241354,0.5375718,0.5809665,0.5478178,0.4759176,0.3592022,0.4170744,0.3787215,0.3922937,0.6663447,0.5483969,0.3514314,,0.4681446,0.4555632,0.5776439,0.3779904,0.3760672,0.6134251,0.4726572,0.552033,0.2709965,0.4554928,0.3660652,0.342562,0.2688904,0.0462454,0.5171183,0.439846,,0.3160284,0.5959308,0.6185225,0.1312254,0.4391376,0.3429289,0.5373791,,0.2303944,0.647151,0.4768354,0.26033,0.604096,0.4957769,,0.4472693,0.4545945,0.6144242,0.9195167,,0.3537912,,0.7262395,,0.3930396,,0.4552318,0.0583903,0.3415458,0.6264045,0.5180681,0.466636,0.5548298,0.398919,0.3263973,0.5129292,0.5263657,0.5493682,0.3544815,0.4180839,0.3812269,0.3359098,0.5583019,0.3783903,0.5722703,0.4561923,0.2894787,0.3665945,0.4280821,0.5691901,,0.5619946,0.3434012,0.4459595,0.4423479
m8,0.488686,0.6384137,0.6268714,,0.4321483,0.3112584,0.5099961,0.6128513,0.5032563,0.7367032,0.4779072,0.62327,0.4481498,0.1796055,,0.3262644,0.4704746,0.3278141,,,0.6779108,0.5738432,0.5320646,0.6294536,0.3424683,0.3277949,0.747476,0.8528402,0.2491973,0.6796689,0.339538,0.1933643,0.7365627,,0.4315452,,0.8812614,0.4148564,0.2699537,,0.4353075,,0.3913391,0.7315192,,0.9902969,0.4249801,,,0.5111008,0.8330329,0.4300961,,,0.2165687,0.2542014,,0.1299567,,,0.3718967,,0.8765886,,,0.5883683,,,,0.7695696,,0.6657216,0.4641221,,0.3659695,,0.3177383,,0.8373694,0.6102128,0.4437009,0.3829393,,0.6626449,0.6242789,0.7153509,0.6844408,0.6351821,,0.4323747,,,0.7717829,0.4453574,0.6874354,,0.4022556,0.8495007,0.4369171,
m10,0.5415037,0.369146,0.5050333,0.4321483,,0.4774633,0.4856677,0.4814641,0.5364742,0.3641722,0.5870969,0.4446187,0.523396,0.5256804,0.548454,0.4761298,0.4991602,0.4738259,0.2789901,0.5818327,0.5037797,0.5610254,0.488944,0.5288577,0.4792374,0.5530363,0.4689517,0.2889586,0.4417881,0.4568061,0.5240188,0.5152827,0.408085,0.4425443,0.5588214,0.4533011,0.4612837,0.444561,0.4692764,0.5965069,0.2115955,0.0675408,0.5159905,0.5773929,,0.5170494,0.5113027,0.5740115,0.7204854,0.5474583,0.5115817,0.5414003,,0.0096307,0.5511889,0.5143415,0.3432871,0.2342776,0.5010638,,0.5191201,0.7210359,0.3476551,,,0.4415532,,,,0.531641,,0.4894425,0.4411788,0.2061658,0.506782,0.3347032,0.4071734,0.6422697,0.5304457,0.4601707,0.3630382,0.5245274,0.4924309,0.5353239,0.4675392,0.4766825,0.3774461,0.3966577,0.2543988,0.5736347,0.5707443,0.5655013,0.5175617,0.4633598,0.3662847,,0.3794677,0.4996222,0.5236116,0.3091347
m12,0.606168,0.7210533,0.3923285,0.3112584,0.4774633,,0.3182601,0.2524249,0.5754384,0.7353962,0.4980817,0.575407,0.6137153,0.1444123,0.1965492,0.2711702,0.3198459,0.2930086,0.5356666,0.1708662,0.6735261,0.7324839,0.7754076,0.7002072,0.1548592,0.4491371,0.6561315,,0.2242817,0.5861157,0.5057162,0.9439406,0.7841197,0.4608523,0.4109342,0.3176622,0.8340638,0.6767225,0.109268,0.7093805,0.5030235,,0.3652312,0.6905464,,0.6690915,0.3139183,,,0.3757775,0.7653838,0.5029459,,,0.2764885,0.6154435,,0.3867861,0.6301453,,0.6983467,,0.6335291,,,0.6104811,,,,0.6788204,,0.6078101,,0.4439242,0.3140119,0.5279803,0.5516746,0.2528845,0.6472165,0.8595325,0.3201106,0.2560968,0.786304,0.7523348,0.6635349,0.8210361,0.825941,0.2541768,0.8086048,0.3052188,0.9525835,0.5454131,0.6159431,0.4797035,,,0.5005777,0.7031927,0.5379839,0.9097986
m14,0.4399639,0.5518175,0.5396634,0.5099961,0.4856677,0.3182601,,0.5645151,0.5212095,0.3751506,0.3993524,0.4037498,0.2887784,0.4598379,0.4060945,0.5506204,0.4707793,0.6317581,0.6180789,0.8165912,0.4622205,0.423184,0.7589608,0.6113994,0.4934241,0.5513307,0.3610858,,0.4665584,0.627677,0.5300931,0.1685354,0.5489031,,0.5674738,0.3931209,0.2440321,0.5485062,0.5020504,0.4892041,0.3927471,0.4976686,0.5233335,0.2331617,,0.4037171,0.5949649,,,0.4109187,0.327682,0.3634543,,,0.456459,0.303682,0.8048776,0.8722702,0.9012403,,0.3761114,0.9012147,0.5972305,,,0.539695,,,,0.464447,,0.4210451,0.5114899,0.6136357,0.5258278,0.5567753,0.4297691,0.3296687,0.3872813,0.4680616,0.5044769,0.4651895,0.2970737,0.4007957,0.5261601,0.4064403,0.331662,0.5888752,0.2583938,0.4782289,0.487823,0.952931,0.3962555,0.7048307,0.2795716,,0.5122255,0.532247,0.5460224,
m16,0.3561362,0.4081716,0.6767007,0.6128513,0.4814641,0.2524249,0.5645151,,0.5519593,0.3511217,0.4789295,0.395932,0.4425898,0.5325593,0.5078756,0.6738175,0.5405429,0.5363894,0.1100486,0.6279412,0.3412012,0.3479169,0.5067273,0.4774119,0.6648316,0.5923883,0.1994521,,0.562331,0.4112531,0.5220447,0.3633593,0.2313429,0.5005783,0.5086286,0.4819411,0.483139,0.4114066,0.4579349,0.5985162,0.4485792,0.3619377,0.5034093,0.4469183,,0.3110244,0.640103,0.0370858,0.1408001,0.4720277,0.257448,0.5378051,0.2830769,0.8393629,0.6791912,0.4970236,0.4290242,0.6444728,0.5257141,,0.3359771,0.6357688,0.1570855,0.7582083,,0.3460149,,0.1965444,,0.4228075,,0.4791102,0.0278958,0.6384954,0.5763841,0.3654666,0.543382,0.5335709,0.3272294,0.2672279,0.5614744,0.5230721,0.5163826,0.3471647,0.3500363,0.309801,0.3290266,0.5561414,0.5282709,0.6069663,0.3483965,0.6721544,0.3803658,0.5009967,0.4434632,,0.5790387,0.3866636,0.4651451,0.4406988
m18,0.5370962,0.516672,0.5333311,0.5032563,0.5364742,0.5754384,0.5212095,0.5519593,,0.4693983,0.5027076,0.4251184,0.6151754,0.4434595,0.4339039,0.4896336,0.4211625,0.5248898,0.650406,,0.514327,0.5202241,0.7606075,0.6244213,0.5211166,0.561131,,,0.4013264,0.5143437,0.5282477,0.6243274,0.4143388,0.4256188,0.6502097,0.3072172,0.6988686,0.5357259,0.3304719,0.3710028,0.4484123,,0.4667619,0.5135927,,0.5702863,0.5415183,,0.8350995,0.5326017,0.6332445,0.6127224,,,0.5276005,0.5639518,,0.3015585,0.5613089,,0.4129606,0.8650286,0.4719028,,,0.5971474,,0.6024106,,0.316415,,0.5786708,,0.7951908,0.5140416,0.3548435,0.5245435,0.6058954,0.5649684,0.5432288,0.4098011,0.5344938,0.6388033,0.4984124,0.454249,0.5098775,0.5411989,0.4023891,0.565979,0.6561292,0.3803835,0.6118979,0.6271916,0.5726951,0.3733622,,0.4155498,0.4318231,0.5493266,0.6700602
m20,0.6123092,0.6803431,0.3497827,0.7367032,0.3641722,0.7353962,0.3751506,0.3511217,0.4693983,,0.5609092,0.6509109,0.3712222,0.3615672,0.6061808,0.3251335,0.2585778,0.2197264,0.6483193,,0.6742539,0.7150446,0.6601242,0.6314519,0.1623736,0.2794499,0.9664355,,0.2951657,0.6169544,0.4181077,0.7823796,0.8380411,,0.5783381,0.2662923,0.7184948,0.5561218,0.4126298,0.9441271,0.7458931,,0.4794385,0.7456482,,0.571621,0.402806,,0.8050746,0.6897248,0.831744,0.4547121,,,0.2417383,0.4764492,,0.1732204,0.666363,,0.8254696,0.6807445,0.6706881,,,0.7911168,,,,0.7161437,,0.6749507,0.7294092,0.7066724,0.249274,0.6281295,0.795367,0.2572039,0.6852296,0.7706714,0.3309393,0.3948524,0.9309039,0.7581474,0.6640169,0.7874144,0.7932478,0.1202698,,0.4306087,0.6975971,0.7488431,0.624537,0.5429865,0.5613323,,0.4049144,0.6747568,0.592611,0.7062079
m22,0.5946757,0.4238926,0.4778375,0.4779072,0.5870969,0.4980817,0.3993524,0.4789295,0.5027076,0.5609092,,0.611066,0.5986417,0.3394665,0.5652865,0.4431765,0.475626,0.4507821,0.7826561,0.1113814,0.3734998,0.4933652,0.5250884,0.4558776,0.4187877,0.441849,0.6576691,,0.3563174,0.4067869,0.523765,0.4523522,0.3059704,0.3692494,0.5504264,0.4692801,0.5323088,0.6245201,0.4101613,0.1717996,0.7406822,0.5773146,0.5954665,0.6074163,0.7587033,0.4935047,0.4990325,0.7810328,0.8427438,0.6542645,0.5540903,0.5219806,0.1295765,,0.4787523,0.4985952,0.6188391,0.5651116,0.4498241,,0.6823651,0.4946797,0.3777593,,,0.5997468,,,,0.5931986,,0.4456121,0.1667973,0.5993248,0.5199638,0.5090981,0.297658,0.5497796,0.4631806,0.6027191,0.3226877,0.4720866,0.6952861,0.5582322,0.6125915,0.4807035,0.5969629,0.4641749,0.7135769,0.5366263,0.4341755,0.5406497,0.5647284,0.4249147,0.2570289,,0.4735345,0.671288,0.4867637,0.56169
m24,0.6583961,0.6297031,0.436391,0.62327,0.4446187,0.575407,0.4037498,0.395932,0.4251184,0.6509109,0.611066,,0.5750128,0.2265731,0.509691,0.4299841,0.3739299,0.4650046,0.4372541,0.2925461,0.5766763,0.5531267,0.5668654,0.6665782,0.3722977,0.3745549,0.5207511,0.7246742,0.3720403,0.6245569,0.4875916,0.5827387,0.5256915,0.6419216,0.5543505,0.3845305,0.7865525,0.6214896,0.7220071,0.5860938,0.7184039,0.6923228,0.6461683,0.5617759,,0.6395696,0.5142686,,0.9168517,0.6559608,0.6150838,0.5376136,,,0.3686281,0.5217779,,0.5848388,0.5648538,,0.5859662,0.3371602,0.4976913,,,0.6040159,,,,0.7203455,,0.5988021,0.3185978,0.4415245,0.4125769,0.6615442,0.5386903,0.6692315,0.6065849,0.6424563,0.3507967,0.5068323,0.5046994,0.6073538,0.6047341,0.6336441,0.5635078,0.4772665,0.8248315,0.487677,0.78989,0.3438409,0.7127214,0.5720237,0.4982516,,0.2590122,0.5588518,0.494656,0.541772
m26,0.4652871,0.5781468,0.6394955,0.4481498,0.523396,0.6137153,0.2887784,0.4425898,0.6151754,0.3712222,0.5986417,0.5750128,,0.5460648,0.5792509,0.5820174,0.4692352,0.4636432,0.4724945,0.6252328,0.5706894,0.4082864,0.8222635,0.5622124,0.5660325,0.5728998,0.4462452,,0.554658,0.4996891,0.603155,0.4322163,0.4263954,,0.4690989,0.4051669,0.7086163,0.6207316,0.2904688,0.497146,0.4163291,0.3934909,0.743128,0.3416584,,0.5650615,0.626042,,,0.5682362,0.7573112,0.4244403,,,0.4850758,0.5889755,,0.7712933,0.2147658,,0.5588787,,0.8674695,,,0.4087246,,0.6290201,,0.3149475,,0.4569902,0.430341,0.6330887,0.5391978,0.4492518,0.617267,0.7583426,0.4271661,0.4987286,0.5576541,0.4353947,0.5538201,0.4804748,0.355166,0.4746522,0.2694722,0.4003254,0.7461858,0.3520927,0.498458,0.645009,0.4769608,0.3975062,0.5810892,,0.5787613,0.4786519,0.473066,
m28,0.3255247,0.3439918,0.7249899,0.1796055,0.5256804,0.1444123,0.4598379,0.5325593,0.4434595,0.3615672,0.3394665,0.2265731,0.5460648,,0.5360968,0.6555069,0.7305457,0.5846059,,0.6741043,0.1516833,0.3654991,0.3808983,0.4002636,0.678828,0.4141148,0.0833041,,0.5467041,0.3177792,0.4411106,0.2407792,,0.5468863,0.4964396,0.3410134,0.1709709,0.5629353,0.263953,0.5020617,0.5679962,0.7116986,0.4603176,0.3277865,,0.1861665,0.668049,0.3186973,,0.1289314,0.4312528,0.4565717,0.2659749,,0.5396603,0.2937794,,0.7642517,0.3822107,,0.48371,0.7082178,,,,0.3999351,,0.520984,,0.2754418,,0.2609588,0.2321099,0.4495274,0.6335551,0.5906887,0.5554727,0.2130047,0.0685164,0.1997997,0.5949846,0.4721133,0.4794506,0.4259411,0.493293,0.1243101,0.2533382,0.5899134,0.7363018,0.3583647,0.1701953,0.5241647,0.2413571,0.4146994,0.6803562,,0.4846705,0.2535498,0.4059917,
m30,0.5822678,0.4719985,0.2665979,,0.548454,0.1965492,0.4060945,0.5078756,0.4339039,0.6061808,0.5652865,0.509691,0.5792509,0.5360968,,0.480497,0.4285107,0.6227902,,,0.3218128,0.2499269,0.5313078,0.3528252,0.6361661,0.6381044,,,0.5265729,0.2002455,0.3152805,,,0.7934935,0.553713,0.3746745,0.2487367,0.5054212,0.6071148,0.6639715,0.4640035,0.200923,0.8651192,0.2189244,,0.6147789,0.3189407,0.5881049,,0.697802,0.714518,0.2782757,,,0.3520432,0.3971435,,0.3873584,,,0.6871554,0.761925,,,,0.7494885,,,,0.221085,,0.5774489,,,0.448587,0.6105341,0.6479924,0.6769404,0.0906884,0.2214673,0.6385234,0.2923013,0.5711872,0.4514754,0.4365415,0.3205737,,0.6287278,0.6314974,0.7736959,,0.9263924,0.4884449,0.6538013,0.6324919,,0.6121904,0.3247775,0.5869764,
m32,0.3867998,0.3520073,0.6241354,0.3262644,0.4761298,0.2711702,0.5506204,0.6738175,0.4896336,0.3251335,0.4431765,0.4299841,0.5820174,0.6555069,0.480497,,0.5559734,0.6155776,0.2952862,0.701738,0.3985019,0.31243,0.336514,0.3280523,0.7026063,0.5888134,0.2198835,0.4725773,0.5986937,0.4177184,0.4660177,0.336611,0.276447,0.528326,0.4746151,0.576915,0.3819942,0.4188519,0.3614322,0.4404043,0.5912525,0.7236412,0.4031538,0.3493891,,0.2764849,0.6572464,0.4720911,0.2053749,0.4073707,0.1935951,0.5338165,0.4584684,,0.6415649,0.5116542,0.699137,0.639626,0.4081708,,0.3275705,0.5844223,0.1772146,0.6053473,,0.2516896,,0.7761529,,0.4193734,,0.5623495,0.0903619,0.4717386,0.591101,0.5491584,0.5259029,0.5335195,0.3133946,0.251227,0.6268834,0.5670085,0.2642333,0.2815288,0.4081679,0.3164505,0.2813192,0.6893363,0.3645946,0.5589955,0.4389449,0.505934,0.3076716,0.5004805,0.5526752,,0.6222858,0.3162874,0.5337847,0.0601362
m34,0.4347973,0.385491,0.5375718,0.4704746,0.4991602,0.3198459,0.4707793,0.5405429,0.4211625,0.2585778,0.475626,0.3739299,0.4692352,0.7305457,0.4285107,0.5559734,,0.6113258,0.3165829,0.5881151,0.4100893,0.3839203,0.3306518,0.4223241,0.5954194,0.5099095,0.522327,0.5055576,0.6116574,0.5266388,0.4705155,0.2229953,0.3110902,0.3929765,0.4377967,0.5525101,0.2372862,0.2863749,0.478027,0.5568874,0.6199805,0.4116639,0.3428322,0.3737873,0.0953176,0.3317849,0.5827097,0.5766147,0.5295345,0.3541133,0.3516247,0.4296274,0.9763058,0.7141854,0.5499887,0.5386133,0.2633149,0.7548116,0.3103921,,0.3933207,0.4959918,0.4300562,0.4723607,,0.3750319,,0.4666915,,0.3244847,,0.425748,0.5577963,0.4883302,0.6211579,0.5061599,0.4960703,0.3748899,0.4570684,0.3054742,0.568548,0.5050839,0.3632129,0.3998314,0.3666259,0.3716512,0.2694069,0.5739052,0.2605936,0.4210386,0.2044717,0.4946299,0.3406207,0.3856787,0.4821431,,0.5692018,0.3296001,0.4335265,0.2638827
m36,0.3682908,0.3084151,0.5809665,0.3278141,0.4738259,0.2930086,0.6317581,0.5363894,0.5248898,0.2197264,0.4507821,0.4650046,0.4636432,0.5846059,0.6227902,0.6155776,0.6113258,,0.1849698,0.5157109,0.3198307,0.338532,0.3940559,0.4180679,0.6685557,0.5701696,0.2158852,,0.6355624,0.3024298,0.4788525,0.1697388,0.1033849,0.5382573,0.3921206,0.7323436,0.297073,0.4041679,0.4586075,0.6588956,0.6566414,0.0896175,0.4786178,0.3069916,,0.3318324,0.5843313,0.8056163,0.1113499,0.3550295,0.1457673,0.4490702,0.7202521,0.9496782,0.5776501,0.4585693,0.3681512,0.919758,0.2205455,,0.361811,0.3592699,0.2167524,0.8527531,,0.2581922,,0.3851118,,0.3602727,,0.4472859,0.2426121,0.3458013,0.5914698,0.592971,0.5440348,0.5275584,0.2611021,0.2658199,0.5943066,0.5316203,0.2102121,0.2957814,0.2995696,0.2742844,0.2735358,0.6881476,0.4538595,0.5392055,0.3210751,0.5917698,0.3100702,0.5192457,0.5594859,,0.5841962,0.3755575,0.4100114,0.0798685
m38,0.5473947,0.4397852,0.5478178,,0.2789901,0.5356666,0.6180789,0.1100486,0.650406,0.6483193,0.7826561,0.4372541,0.4724945,,,0.2952862,0.3165829,0.1849698,,,0.2302251,0.5172692,0.584193,0.6127026,0.1300562,0.1608404,0.5187116,,0.4516262,0.7577871,0.3815324,0.8983134,,,0.4406033,,0.5762695,,,,,,0.6283208,0.7262958,,,0.3522074,,,0.9037227,0.7524432,0.2913782,,,0.1649784,0.6580864,,,0.0898247,,0.5841541,,0.9724464,,,0.8443143,,,,0.4825527,,0.4075324,,,0.3449661,,,,0.6334194,0.8882886,,,,0.5975596,0.3553605,0.839586,0.7888684,,,0.2218867,0.3504925,,0.4911568,0.6797295,,,,0.7065642,0.347815,
m40,0.6521179,0.0223307,0.4759176,,0.5818327,0.1708662,0.8165912,0.6279412,,,0.1113814,0.2925461,0.6252328,0.6741043,,0.701738,0.5881151,0.5157109,,,0.1800431,0.8837335,0.4080101,0.5737053,0.6401315,0.3706612,,,0.8447041,0.4662055,0.527553,,,,0.2471665,0.9670799,,,,,,,0.1509118,,,0.4587269,0.8889698,,,0.2224394,,0.6232613,,,0.5251412,0.9826491,,0.6403668,,,,,,,,0.2479682,,,,0.2698612,,0.7630491,,0.4180975,0.5974857,1.0,0.2986373,0.1681299,0.626584,,0.6408855,0.3097118,,0.3742824,0.6851081,,,0.7242834,,0.6373715,0.5128832,,,0.2480398,0.3569857,,0.3004768,0.5328445,0.4662867,
m42,0.6918965,0.804214,0.3592022,0.6779108,0.5037797,0.6735261,0.4622205,0.3412012,0.514327,0.6742539,0.3734998,0.5766763,0.5706894,0.1516833,0.3218128,0.3985019,0.4100893,0.3198307,0.2302251,0.1800431,,0.5700835,0.4307837,0.7185147,0.2667459,0.3596155,0.5004992,,0.3859331,0.733807,0.4525102,0.7930546,0.6173938,0.5221919,0.6339252,0.438337,0.6325884,0.5976095,0.4636976,0.7089315,0.768796,,0.5550128,0.5681051,,0.5259585,0.4893856,,0.8623999,0.7299133,0.8594497,0.442971,,,0.2967844,0.5292561,,0.1831219,0.6977627,,0.7581222,0.7076907,0.62844,,,0.7557424,,,,0.6892342,,0.6084011,0.7980054,0.2882765,0.4333961,0.5359378,0.2831776,0.0942921,0.7946798,0.6861715,0.4719435,0.5270705,0.3654201,0.5570545,0.6200839,0.6973922,0.6277566,0.4905404,,0.4359093,0.5338563,0.7175739,0.6431135,0.5578426,0.5882197,,0.368165,0.6093984,0.571473,0.7108455
m44,0.6282328,0.5910036,0.4170744,0.5738432,0.5610254,0.7324839,0.423184,0.3479169,0.5202241,0.7150446,0.4933652,0.5531267,0.4082864,0.3654991,0.2499269,0.31243,0.3839203,0.338532,0.5172692,0.8837335,0.5700835,,0.5964909,0.7070859,0.2592743,0.375165,0.8477958,0.4092972,0.2961509,0.6526078,0.4737359,0.676615,0.7017096,0.3102198,0.5640168,0.6257855,0.4006137,0.5161094,0.4377043,,0.5803005,,0.4179468,0.6968219,,0.5904521,0.5982774,,,0.6719682,0.7121906,0.5653236,,,0.3316749,0.5378179,,0.1431732,0.5437369,,0.5611291,,0.7172793,,,0.6775725,,,,0.5417453,,0.6604364,0.462553,0.5718759,0.2929213,0.4954141,0.2977848,0.4820165,0.6061514,0.764504,0.3526209,0.406335,0.5216458,0.7308805,0.6483293,0.7295556,0.7069176,0.2408017,,0.47599,0.4825073,0.6021451,0.6819475,0.5262124,0.3636735,,0.4827044,0.6785348,0.4876822,0.5836997
m46,0.6225927,0.7390351,0.3787215,0.5320646,0.488944,0.7754076,0.7589608,0.5067273,0.7606075,0.6601242,0.5250884,0.5668654,0.8222635,0.3808983,0.5313078,0.336514,0.3306518,0.3940559,0.584193,0.4080101,0.4307837,0.5964909,,0.6088098,0.3458436,0.4251898,0.2349196,,0.347915,0.565716,0.5521152,0.7799139,0.4319299,0.504436,0.6047591,0.3379043,0.7015451,0.4907026,0.2511372,0.5214126,0.455222,0.4985511,0.5953508,0.5122322,,0.7751314,0.5362855,0.501527,,0.6287314,0.8488596,0.517705,0.1840619,,0.5027191,0.4464009,0.6444611,0.320674,0.5803152,,0.6302437,,0.3656358,,,0.5616198,,,,0.5763108,,0.486793,,0.7943355,0.4121405,0.6337674,0.5397018,0.7723634,0.694994,0.5746015,0.4243585,0.5991966,0.7979301,0.6096971,0.5875105,0.5222896,0.3049606,0.3193782,0.5310449,0.4921427,0.6786911,0.5121446,0.5936784,0.5238001,0.1571844,,0.5046829,0.7270926,0.5818235,0.781062
m48,0.5385043,0.6014945,0.3922937,0.6294536,0.5288577,0.7002072,0.6113994,0.4774119,0.6244213,0.6314519,0.4558776,0.6665782,0.5622124,0.4002636,0.3528252,0.3280523,0.4223241,0.4180679,0.6127026,0.5737053,0.7185147,0.7070859,0.6088098,,0.2511122,0.3902524,0.8535463,1.0,0.418561,0.63724,0.5318411,0.6024464,0.6944096,0.4574858,0.6059272,0.16323,0.6807062,0.5359978,0.6241828,,0.2186155,0.9133087,0.5279453,0.6833195,,0.5765402,0.5003809,,,0.6077064,0.5548143,0.5619725,,,0.381703,0.5055086,0.2370625,0.5157702,0.6114,,0.5340139,,0.7019662,,,0.6234784,,,,0.5283796,,0.5744663,0.5402791,0.2173303,0.4516347,0.1737124,0.5859647,0.5101307,0.6269908,0.7096372,0.324726,0.4597339,0.3982367,0.6913348,0.5592706,0.6749105,0.6825731,0.4090743,,0.447547,0.6000653,0.3313693,0.6034383,0.5575794,0.4781237,,0.4142255,0.5833862,0.4987721,0.4580471
m50,0.3167607,0.2827764,0.6663447,0.3424683,0.4792374,0.1548592,0.4934241,0.6648316,0.5211166,0.1623736,0.4187877,0.3722977,0.5660325,0.678828,0.6361661,0.7026063,0.5954194,0.6685557,0.1300562,0.6401315,0.2667459,0.2592743,0.3458436,0.2511122,,0.6059453,0.1800557,,0.709158,0.3235057,0.5334362,0.188948,0.1116929,0.5103735,0.3831417,0.6833647,0.2056025,0.2730713,0.37953,0.482965,0.7025506,0.4157024,0.3989067,0.3182601,,0.1838004,0.6157039,0.5901737,0.0789815,0.3183471,0.1445654,0.5520354,0.6362805,0.8272081,0.7576324,0.4641334,0.3991996,0.7698425,0.4658299,,0.2251456,0.4420453,0.1517283,0.5973166,,0.2058114,,0.412448,,0.3593634,,0.4580923,0.1295293,0.2883544,0.6927596,0.4273538,0.5337443,0.5672881,0.2411792,0.1321735,0.6069798,0.4992889,0.2695333,0.2125231,0.3233303,0.2370259,0.1325333,0.6277344,0.4700971,0.5845017,0.2172847,0.5094091,0.2599893,0.4285653,0.5282739,,0.5778351,0.2333566,0.4152394,0.1547155
m52,0.3867411,0.467963,0.5483969,0.3277949,0.5530363,0.4491371,0.5513307,0.5923883,0.561131,0.2794499,0.441849,0.3745549,0.5728998,0.4141148,0.6381044,0.5888134,0.5099095,0.5701696,0.1608404,0.3706612,0.3596155,0.375165,0.4251898,0.3902524,0.6059453,,0.5554285,,0.6003186,0.4968919,0.4993124,0.2681028,0.3150816,0.3885715,0.4040747,0.5784175,0.3277177,0.4949781,0.3729654,0.7819504,0.5154887,0.7552714,0.3966632,0.301009,,0.3511023,0.5356922,0.3399139,,0.4483558,0.2623274,0.5006183,0.1646956,,0.533075,0.464135,0.5206151,0.7895014,0.2688164,,0.2931148,0.8328469,0.3875911,0.0179117,,0.4182076,,0.7320775,,0.3367688,,0.5163416,0.7138185,0.4587618,0.5584592,0.6048516,0.6045892,0.6834913,0.384157,0.3694545,0.5998898,0.5963597,0.490285,0.3420049,0.3473364,0.3907247,0.2369363,0.5365629,0.3689852,0.523036,0.3326622,0.5728824,0.422876,0.5630674,0.3766798,,0.627858,0.4494105,0.5862966,0.9006859
m54,0.7128668,0.8588577,0.3514314,0.747476,0.4689517,0.6561315,0.3610858,0.1994521,,0.9664355,0.6576691,0.5207511,0.4462452,0.0833041,,0.2198835,0.522327,0.2158852,0.5187116,,0.5004992,0.8477958,0.2349196,0.8535463,0.1800557,0.5554285,,,0.4192439,0.7966275,0.2457651,0.663377,0.975002,,0.4292472,,0.4527832,0.2544918,,,,,0.5315992,0.6783662,,,0.2209029,,,,0.9135504,0.3275717,,,0.1783011,0.3165259,,,,,0.8602634,,0.8017663,,,,,,,0.3632335,,0.7469277,0.6892604,,0.2275147,,,,0.7329059,0.8827963,,0.8044144,,0.6964601,0.2899379,0.87352,0.7135671,0.0271539,,0.3983718,,,0.6236648,,,,,0.7416393,0.3630011,
m56,0.7493009,,,0.8528402,0.2889586,,,,,,,0.7246742,,,,0.4725773,0.5055576,,,,,0.4092972,,1.0,,,,,,0.8133381,,,,,0.2644104,,,,,,,,,,,,,,,,,,,,0.2369037,,,,,,,,0.8846277,,,,,,,,,,,,,,,,,0.9756084,,,,,,,,,,,,,,,,,,0.7467611,,
m58,0.3929558,0.3161329,0.4681446,0.2491973,0.4417881,0.2242817,0.4665584,0.562331,0.4013264,0.2951657,0.3563174,0.3720403,0.554658,0.5467041,0.5265729,0.5986937,0.6116574,0.6355624,0.4516262,0.8447041,0.3859331,0.2961509,0.347915,0.418561,0.709158,0.6003186,0.4192439,,,0.3759766,0.5136583,0.3543265,0.2583281,0.584038,0.3712436,0.7338379,0.3480201,0.2788412,0.4740011,0.6069767,0.5539743,0.5603001,0.4312753,0.4002644,0.3165074,0.149827,0.6341954,0.73364,0.0037519,0.4395514,0.2888552,0.3756964,0.7156493,,0.5516788,0.5089338,0.4929892,0.8528148,0.4513855,,0.3665929,0.2137076,0.3381287,0.474097,,0.2190726,,0.7079842,,0.3817906,,0.5192396,0.7836058,0.6299699,0.5744838,0.4519247,0.539195,0.6644025,0.3047783,0.2666591,0.6133841,0.4870924,0.2521226,0.2316861,0.3256319,0.2819377,0.0908782,0.5842005,0.5961156,0.4206931,0.3483145,0.5351603,0.2573073,0.4254627,0.5269271,,0.6901569,0.3638914,0.5044887,0.0523362
m60,0.6376093,0.6596449,0.4555632,0.6796689,0.4568061,0.5861157,0.627677,0.4112531,0.5143437,0.6169544,0.4067869,0.6245569,0.4996891,0.3177792,0.2002455,0.4177184,0.5266388,0.3024298,0.7577871,0.4662055,0.733807,0.6526078,0.565716,0.63724,0.3235057,0.4968919,0.7966275,0.8133381,0.3759766,,0.4717564,0.3738189,0.6958323,0.3838353,0.5956915,0.527818,0.5918288,0.6289641,0.4220233,0.0780336,0.5504724,,0.5761731,0.5143545,,0.6406011,0.4719693,,0.6158648,0.5722336,0.6146898,0.5075914,,,0.3587334,0.4573631,0.4904773,0.4309608,0.4675528,,0.5602265,,0.6372441,,,0.6197052,,,,0.5787324,,0.5830667,0.8338601,,0.4003076,0.3259229,0.5622559,0.327331,0.6292847,0.6526174,0.3246515,0.5648537,0.5830556,0.5804749,0.449189,0.6262051,0.6286801,0.596209,0.2233452,0.4155922,0.7702787,0.1065313,0.5288181,0.5434612,0.195613,,0.4398679,0.6195699,0.5629562,0.7874898
m62,0.5130956,0.4737084,0.5776439,0.339538,0.5240188,0.5057162,0.5300931,0.5220447,0.5282477,0.4181077,0.523765,0.4875916,0.603155,0.4411106,0.3152805,0.4660177,0.4705155,0.4788525,0.3815324,0.527553,0.4525102,0.4737359,0.5521152,0.5318411,0.5334362,0.4993124,0.2457651,,0.5136583,0.4717564,,0.4232879,0.4298987,0.5634634,0.4712249,0.2247729,0.5678357,0.3944391,0.5862935,0.2184917,0.2296288,0.8266858,0.6320066,0.5034574,,0.4908557,0.518981,0.1883449,,0.5956454,0.4227608,0.5221651,,0.4270793,0.5897846,0.5302254,0.5870918,0.2985916,0.6079977,,0.3862789,0.5824783,0.4522707,,,0.4396015,,0.329398,,0.6537071,,0.4454233,0.6065376,0.5363032,0.634214,0.550514,0.4836326,0.3767178,0.4424597,0.4647854,0.3519729,0.429942,0.4300826,0.5495463,0.5225547,0.454241,0.3795607,0.3124879,0.4771212,0.5858008,0.5728699,0.2486901,0.5012756,0.6019841,0.1832927,,0.4257183,0.4920438,0.4076647,0.0643681
m64,0.4641872,0.6967427,0.3779904,0.1933643,0.5152827,0.9439406,0.1685354,0.3633593,0.6243274,0.7823796,0.4523522,0.5827387,0.4322163,0.2407792,,0.336611,0.2229953,0.1697388,0.8983134,,0.7930546,0.676615,0.7799139,0.6024464,0.188948,0.2681028,0.663377,,0.3543265,0.3738189,0.4232879,,0.9405521,0.857809,0.6544835,0.3519786,0.7479962,0.4629978,0.3736278,,0.4608757,,0.7221412,0.8270867,,0.7708875,0.5031831,,,0.829657,0.8028604,0.5455234,,,0.2923229,0.6182681,,,0.6205027,,0.7119508,,0.7576567,,,0.9205974,,,,0.6655507,,0.4632519,,0.9725216,0.246175,,0.3677766,,0.814893,0.8601288,0.4069011,0.4823604,0.8858045,0.7370986,0.7070731,0.8941237,0.626612,0.5436948,,0.5389011,0.6304397,,0.8273998,0.7307028,0.2684771,,0.1329509,0.7445598,0.5402567,
m66,0.5075076,0.7944107,0.3760672,0.7365627,0.408085,0.7841197,0.5489031,0.2313429,0.4143388,0.8380411,0.3059704,0.5256915,0.4263954,,,0.276447,0.3110902,0.1033849,,,0.6173938,0.7017096,0.4319299,0.6944096,0.1116929,0.3150816,0.975002,,0.2583281,0.6958323,0.4298987,0.9405521,,0.4323631,0.5003621,0.0195901,0.776584,0.675889,0.5366282,,,,0.4680935,0.5620389,,0.711209,0.652194,,,0.3260297,0.8494887,0.4127118,,,0.1793464,0.3853941,,,0.5447986,,0.7215823,,0.9845876,,,0.5008283,,,,0.7485878,,0.8193858,,,0.1568781,,,,0.8249077,0.8652362,0.3992023,0.4505472,0.7418537,0.7415905,0.4454681,0.7489878,0.8066315,0.0899557,,0.3222481,,,0.8232184,0.3272965,0.0223454,,0.2268838,0.6225117,0.4567031,
m68,0.8567495,0.4400195,0.6134251,,0.4425443,0.4608523,,0.5005783,0.4256188,,0.3692494,0.6419216,,0.5468863,0.7934935,0.528326,0.3929765,0.5382573,,,0.5221919,0.3102198,0.504436,0.4574858,0.5103735,0.3885715,,,0.584038,0.3838353,0.5634634,0.857809,0.4323631,,0.510824,0.5429114,0.8551786,0.5444502,0.8319985,,0.1042538,0.8087151,0.7862581,0.5832984,,0.4995926,0.4883709,,,0.6226933,0.1288148,0.3903406,,,0.3255295,0.4315553,,,0.7103824,,0.3519399,,0.0277668,,,0.2211332,,,,0.4454309,,0.7285836,,0.541069,0.3539988,0.543887,0.4393596,0.464443,0.1439984,0.2799009,0.3666303,0.4007686,0.8543409,0.592767,0.8538251,0.5975063,,0.3549494,,0.6622037,0.5460298,,0.4885909,0.3739144,0.4298118,,0.4790286,0.6916704,0.4985965,
m70,0.6279679,0.4256012,0.4726572,0.4315452,0.5588214,0.4109342,0.5674738,0.5086286,0.6502097,0.5783381,0.5504264,0.5543505,0.4690989,0.4964396,0.553713,0.4746151,0.4377967,0.3921206,0.4406033,0.2471665,0.6339252,0.5640168,0.6047591,0.6059272,0.3831417,0.4040747,0.4292472,0.2644104,0.3712436,0.5956915,0.4712249,0.6544835,0.5003621,0.510824,,0.4895834,0.475952,0.6045499,0.518962,0.3003321,0.5683269,0.6282701,0.5082006,0.5899482,,0.3753128,0.4952632,0.4510256,0.254071,0.650218,0.5577334,0.565843,,0.8451282,0.4643083,0.53189,0.0467309,0.3801185,0.4931145,,0.5298499,0.2849046,0.4795021,0.0955198,,0.596661,,0.3776086,,0.4748256,,0.5388176,,0.7483347,0.4062449,0.5319383,0.461046,0.5096243,0.6886113,0.5714062,0.3844079,0.540703,0.5284501,0.5696962,0.5588384,0.5360298,0.6816402,0.4713153,0.561508,0.5820499,0.4946469,0.5266556,0.6520037,0.5346416,0.3856249,,0.460857,0.6303774,0.5617348,0.2507229
m72,0.2310897,0.2373465,0.552033,,0.4533011,0.3176622,0.3931209,0.4819411,0.3072172,0.2662923,0.4692801,0.3845305,0.4051669,0.3410134,0.3746745,0.576915,0.5525101,0.7323436,,0.9670799,0.438337,0.6257855,0.3379043,0.16323,0.6833647,0.5784175,,,0.7338379,0.527818,0.2247729,0.3519786,0.0195901,0.5429114,0.4895834,,0.2444819,0.5916092,0.4043341,0.6852016,0.9363097,0.159228,0.2876717,0.4565958,,0.2257327,0.571756,0.9034019,0.2245809,0.4262067,0.5275788,0.4011655,0.8908415,,0.5282718,0.4130128,0.3360993,0.7772551,0.1995534,,0.3628076,0.2868055,,,,0.2407637,,,,0.362263,,0.5483625,,0.5119366,0.6360472,0.5473853,0.5923707,0.6552454,0.2326205,0.3660726,0.5611145,0.57936,0.3059527,0.2420508,0.3543932,0.5106357,,0.6072598,0.3632722,0.6436118,0.2579044,0.5077932,0.2435282,0.3305876,0.5446485,,0.6062693,0.4776355,0.293248,
m74,0.6032567,0.6413187,0.2709965,0.8812614,0.4612837,0.8340638,0.2440321,0.483139,0.6988686,0.7184948,0.5323088,0.7865525,0.7086163,0.1709709,0.2487367,0.3819942,0.2372862,0.297073,0.5762695,,0.6325884,0.4006137,0.7015451,0.6807062,0.2056025,0.3277177,0.4527832,,0.3480201,0.5918288,0.5678357,0.7479962,0.776584,0.8551786,0.475952,0.2444819,,0.3773942,0.1102193,0.3109352,0.1794968,,0.7130818,0.7698168,,0.8538031,0.4656258,0.7401993,,0.4787762,0.5165796,0.5515802,,,0.2875482,0.4889475,0.8839433,0.2003658,0.773856,,0.72266,,0.5673682,,,0.3775687,,,,0.8215252,,0.5956376,,0.5069954,0.3302928,,0.3021186,0.3436504,0.769996,0.7691162,0.2741752,0.5381399,0.8196785,0.7067545,0.5502866,0.7913508,0.8401965,0.3291094,,0.4160741,0.7520515,0.283789,0.8198999,0.5121241,0.807341,,0.1956652,0.7639398,0.6385045,0.925326
m76,0.5251671,0.5800567,0.4554928,0.4148564,0.444561,0.6767225,0.5485062,0.4114066,0.5357259,0.5561218,0.6245201,0.6214896,0.6207316,0.5629353,0.5054212,0.4188519,0.2863749,0.4041679,,,0.5976095,0.5161094,0.4907026,0.5359978,0.2730713,0.4949781,0.2544918,,0.2788412,0.6289641,0.3944391,0.4629978,0.675889,0.5444502,0.6045499,0.5916092,0.3773942,,0.3156097,,0.3260444,,0.5384439,0.444172,,0.6352429,0.3268558,,,0.696972,0.6676138,0.5299643,,,0.3395158,0.4408571,,0.4278882,0.4120047,,0.5430664,0.1905859,0.6315195,,,0.8230857,,,,0.4869884,,0.4678915,0.332109,0.482009,0.3285636,0.4855544,0.48844,0.3070983,0.5374418,0.7163173,0.2958096,0.3428885,0.556975,0.5630017,0.4776327,0.5708964,0.4957689,0.4626389,,0.4591951,,0.657669,0.4781947,0.5443871,0.257385,,0.6299802,0.7008577,0.5113502,0.817589
m78,0.6114535,0.4925062,0.3660652,0.2699537,0.4692764,0.109268,0.5020504,0.4579349,0.3304719,0.4126298,0.4101613,0.7220071,0.2904688,0.263953,0.6071148,0.3614322,0.478027,0.4586075,,,0.4636976,0.4377043,0.2511372,0.6241828,0.37953,0.3729654,,,0.4740011,0.4220233,0.5862935,0.3736278,0.5366282,0.8319985,0.518962,0.4043341,0.1102193,0.3156097,,,0.3138752,,0.7268414,0.6120724,,0.5934035,0.4799516,,,0.6460682,0.0251372,0.4306031,,,0.3879151,0.523698,,0.8228396,0.4453829,,0.3202789,0.3112647,,,,0.3581996,,,,0.2920522,,0.3787785,0.8803068,0.15665,0.3353516,0.4904478,0.5745352,0.7997967,0.3132354,0.566258,0.5592848,0.5727272,0.280544,0.5613077,0.6001704,0.3295399,0.8318459,0.6112915,,0.2418139,0.4368567,0.3598487,0.4685545,0.7717167,0.6148793,,0.4248128,0.4222252,0.5613422,1.0
m80,0.4657746,0.330107,0.342562,,0.5965069,0.7093805,0.4892041,0.5985162,0.3710028,0.9441271,0.1717996,0.5860938,0.497146,0.5020617,0.6639715,0.4404043,0.5568874,0.6588956,,,0.7089315,,0.5214126,,0.482965,0.7819504,,,0.6069767,0.0780336,0.2184917,,,,0.3003321,0.6852016,0.3109352,,,,0.6174294,0.2590215,0.7703318,,,0.0634286,0.649372,,,0.6942945,,0.9206846,,,0.3105424,0.2882366,,,0.0688045,,0.4224494,,,,,,,0.2777283,,,,0.3439028,,0.4245762,0.5170575,0.6853549,0.3889945,,0.2663109,0.4278098,0.5302817,0.526152,0.2294518,0.1593636,0.2503239,0.6921865,,0.5261789,,0.4032214,0.3469014,0.8474631,0.3366545,0.6557927,0.5336926,,0.478711,0.6378939,0.8392225,
m82,0.5382902,0.440477,0.2688904,0.4353075,0.2115955,0.5030235,0.3927471,0.4485792,0.4484123,0.7458931,0.7406822,0.7184039,0.4163291,0.5679962,0.4640035,0.5912525,0.6199805,0.6566414,,,0.768796,0.5803005,0.455222,0.2186155,0.7025506,0.5154887,,,0.5539743,0.5504724,0.2296288,0.4608757,,0.1042538,0.5683269,0.9363097,0.1794968,0.3260444,0.3138752,0.6174294,,0.239333,0.2721063,0.4019972,,0.4478756,0.6384401,,,0.4046982,0.2617683,0.4904266,,,0.4435405,0.1267882,0.799085,0.7613958,,,0.1871137,0.4410351,,,,0.2002963,,,,0.4845103,,0.5361931,0.0736642,0.4702908,0.5277489,0.7773502,0.5001872,0.4615965,0.4691989,0.252348,0.4785182,0.6411006,0.0451469,0.3835221,0.4535652,0.6535338,,0.7190826,,0.8038615,0.277827,0.3535154,0.1522389,0.4516354,0.4908751,,0.521794,0.4006546,0.3431802,
m84,,0.6551298,0.0462454,,0.0675408,,0.4976686,0.3619377,,,0.5773146,0.6923228,0.3934909,0.7116986,0.200923,0.7236412,0.4116639,0.0896175,,,,,0.4985511,0.9133087,0.4157024,0.7552714,,,0.5603001,,0.8266858,,,0.8087151,0.6282701,0.159228,,,,0.2590215,0.239333,,0.8180163,,,0.7237817,0.3606652,,,0.213913,0.850912,0.4836004,,,0.6416644,0.796066,,,,,,,,,,,,,,0.3639491,,0.7494001,,0.7737316,0.2764864,0.3393378,0.4284735,0.4880776,,,0.4457346,0.3065571,,0.9432953,0.4169922,,,0.796228,,,0.8945973,0.0986239,0.9552415,,0.6979192,,0.2853873,0.5126428,0.4797724,
m86,0.5953441,0.7146444,0.5171183,0.3913391,0.5159905,0.3652312,0.5233335,0.5034093,0.4667619,0.4794385,0.5954665,0.6461683,0.743128,0.4603176,0.8651192,0.4031538,0.3428322,0.4786178,0.6283208,0.1509118,0.5550128,0.4179468,0.5953508,0.5279453,0.3989067,0.3966632,0.5315992,,0.4312753,0.5761731,0.6320066,0.7221412,0.4680935,0.7862581,0.5082006,0.2876717,0.7130818,0.5384439,0.7268414,0.7703318,0.2721063,0.8180163,,0.5628223,,0.4529736,0.5186576,0.6484667,,0.694146,0.5938499,0.4475321,,,0.4762946,0.527537,,0.8844942,0.7641968,,0.5659131,0.074604,0.1837309,,,0.4822823,,,,0.6965299,,0.3951418,0.1459572,0.2094338,0.502373,0.3913099,0.1261313,0.619664,0.5457364,0.4955888,0.3356221,0.4133309,0.517686,0.5995949,0.4905919,0.3891355,0.4758924,0.5300737,,0.5640445,0.8513101,0.7801299,0.5204887,0.5349349,0.4501956,,0.493925,0.4477756,0.4359636,0.2736511
m88,0.5840361,0.4417252,0.439846,0.7315192,0.5773929,0.6905464,0.2331617,0.4469183,0.5135927,0.7456482,0.6074163,0.5617759,0.3416584,0.3277865,0.2189244,0.3493891,0.3737873,0.3069916,0.7262958,,0.5681051,0.6968219,0.5122322,0.6833195,0.3182601,0.301009,0.6783662,,0.4002644,0.5143545,0.5034574,0.8270867,0.5620389,0.5832984,0.5899482,0.4565958,0.7698168,0.444172,0.6120724,,0.4019972,,0.5628223,,,0.5605213,0.4848648,,,0.8368689,0.6541044,0.6638144,,,0.4022275,0.5098338,,,0.3918503,,0.6310016,,0.5981745,,,0.738352,,,,0.5731871,,0.5325101,0.7767665,0.6008613,0.3534793,0.652522,0.3132444,0.309199,0.6483479,0.6967302,0.2491331,0.3676854,0.6112422,0.6475602,0.7352964,0.6146454,0.7893501,0.3539485,0.9914698,0.5249745,0.2346988,0.3593931,0.7535276,0.4830529,0.1935442,,0.4494018,0.6433409,0.4919047,0.2262878
m90,,,,,,,,,,,0.7587033,,,,,,0.0953176,,,,,,,,,,,,0.3165074,,,,,,,,,,,,,,,,,,,,,,,,,,0.8753008,,,,,,,,,,,,,,,,,,,,0.1063252,,,,,,,0.6741905,,,,,,,,,,,,,,,,,,
m92,0.6901662,0.7301122,0.3160284,0.9902969,0.5170494,0.6690915,0.4037171,0.3110244,0.5702863,0.571621,0.4935047,0.6395696,0.5650615,0.1861665,0.6147789,0.2764849,0.3317849,0.3318324,,0.4587269,0.5259585,0.5904521,0.7751314,0.5765402,0.1838004,0.3511023,,,0.149827,0.6406011,0.4908557,0.7708875,0.711209,0.4995926,0.3753128,0.2257327,0.8538031,0.6352429,0.5934035,0.0634286,0.4478756,0.7237817,0.4529736,0.5605213,,,0.3345328,,,0.4002192,0.7482406,0.6399833,,,0.2000717,0.5286715,0.9273854,0.7806683,0.8123123,,0.6849242,,0.6963659,,,0.768026,,,,0.7471744,,0.4830988,,0.5973917,0.2545188,0.3242607,0.4952219,0.3721015,0.7185552,0.7626094,0.3694613,0.3674967,0.5948489,0.7028476,0.7164898,0.7411575,0.4915263,0.4779184,0.2386595,0.4722226,0.9012617,0.510863,0.7988582,0.7450794,0.3359328,,0.3300681,0.7236245,0.6023565,0.6811355
m94,0.3939063,0.2816663,0.5959308,0.4249801,0.5113027,0.3139183,0.5949649,0.640103,0.5415183,0.402806,0.4990325,0.5142686,0.626042,0.668049,0.3189407,0.6572464,0.5827097,0.5843313,0.3522074,0.8889698,0.4893856,0.5982774,0.5362855,0.5003809,0.6157039,0.5356922,0.2209029,,0.6341954,0.4719693,0.518981,0.5031831,0.652194,0.4883709,0.4952632,0.571756,0.4656258,0.3268558,0.4799516,0.649372,0.6384401,0.3606652,0.5186576,0.4848648,,0.3345328,,0.469719,,0.515967,0.4502546,0.4395919,0.5985485,,0.6014885,0.4459712,,0.6958395,0.4465727,,0.4296011,0.5871691,0.4619722,,,0.3529017,,0.2928225,,0.3441803,,0.5748396,,0.4316831,0.5295456,0.6379834,0.4592074,0.7412617,0.3704155,0.363771,0.4446585,0.5551866,0.2859471,0.4759255,0.4145923,0.5257084,0.3565635,0.6020133,0.7455245,0.5222025,0.6290231,0.4934958,0.4108002,0.3673956,0.3913906,,0.5789197,0.3008169,0.5240508,0.4866366
m96,0.0717688,,0.6185225,,0.5740115,,,0.0370858,,,0.7810328,,,0.3186973,0.5881049,0.4720911,0.5766147,0.8056163,,,,,0.501527,,0.5901737,0.3399139,,,0.73364,,0.1883449,,,,0.4510256,0.9034019,0.7401993,,,,,,0.6484667,,,,0.469719,,,,,0.1459245,,,0.3905434,,,0.8281665,,,,,,,,,,,,,,0.9493809,,,0.7779849,,,0.9248352,,0.1663491,0.8841609,0.4037206,,0.0568764,,0.5618251,,0.8737489,,,,,0.2585923,,,,0.4329958,,0.0876618,
m98,0.6952944,,0.1312254,,0.7204854,,,0.1408001,0.8350995,0.8050746,0.8427438,0.9168517,,,,0.2053749,0.5295345,0.1113499,,,0.8623999,,,,0.0789815,,,,0.0037519,0.6158648,,,,,0.254071,0.2245809,,,,,,,,,,,,,,,,0.4486709,,,0.0896201,0.4991705,,,,,,,,,,,,,,,,,,,0.1545048,0.6447761,0.3070553,,,0.9154583,0.2792456,,0.6870523,0.8142349,0.6992085,0.8297821,,0.2537119,,0.0898222,,,,0.9041409,0.1402305,,,0.7802362,0.3043605,
m100,0.6568212,0.4538668,0.4391376,0.5111008,0.5474583,0.3757775,0.4109187,0.4720277,0.5326017,0.6897248,0.6542645,0.6559608,0.5682362,0.1289314,0.697802,0.4073707,0.3541133,0.3550295,0.9037227,0.2224394,0.7299133,0.6719682,0.6287314,0.6077064,0.3183471,0.4483558,,,0.4395514,0.5722336,0.5956454,0.829657,0.3260297,0.6226933,0.650218,0.4262067,0.4787762,0.696972,0.6460682,0.6942945,0.4046982,0.213913,0.694146,0.8368689,,0.4002192,0.515967,,,,0.6297474,0.6496722,,,0.3745198,0.5119154,,,0.6271858,,0.5394904,,0.2998266,0.5623169,,0.6396921,,,,0.6733512,,0.5145339,,0.4940275,0.3817173,0.5502892,0.2924501,0.9008541,0.6073322,0.7070857,0.2973673,0.5031211,0.6174061,0.6386294,0.492964,0.5935653,0.6707387,0.2610731,0.705546,0.5129834,0.5039686,0.7862844,0.859439,0.5319228,0.4805223,,0.5157639,0.5875036,0.6369565,0.6367874
m102,0.580996,0.8556464,0.3429289,0.8330329,0.5115817,0.7653838,0.327682,0.257448,0.6332445,0.831744,0.5540903,0.6150838,0.7573112,0.4312528,0.714518,0.1935951,0.3516247,0.1457673,0.7524432,,0.8594497,0.7121906,0.8488596,0.5548143,0.1445654,0.2623274,0.9135504,,0.2888552,0.6146898,0.4227608,0.8028604,0.8494887,0.1288148,0.5577334,0.5275788,0.5165796,0.6676138,0.0251372,,0.2617683,0.850912,0.5938499,0.6541044,,0.7482406,0.4502546,,,0.6297474,,0.548085,,,0.1971051,0.5184388,,0.2162909,0.6588708,,0.9294987,,0.9129604,,,0.904859,,,,0.6207808,,0.4868145,,0.8592031,0.1823899,0.6620071,0.2598031,0.1641389,0.7324859,0.8266129,0.4377526,0.4158786,0.9328851,0.584544,0.6819312,0.8145711,0.8000433,0.2089484,,0.3515984,0.8965069,0.8599958,0.7219778,0.4653446,0.5419112,,0.4384337,0.8522242,0.4257339,
m104,0.5356848,0.3433807,0.5373791,0.4300961,0.5414003,0.5029459,0.3634543,0.5378051,0.6127224,0.4547121,0.5219806,0.5376136,0.4244403,0.4565717,0.2782757,0.5338165,0.4296274,0.4490702,0.2913782,0.6232613,0.442971,0.5653236,0.517705,0.5619725,0.5520354,0.5006183,0.3275717,,0.3756964,0.5075914,0.5221651,0.5455234,0.4127118,0.3903406,0.565843,0.4011655,0.5515802,0.5299643,0.4306031,0.9206846,0.4904266,0.4836004,0.4475321,0.6638144,,0.6399833,0.4395919,0.1459245,0.4486709,0.6496722,0.548085,,0.0008393,,0.6121061,0.5564141,0.5283275,0.2692249,0.4904255,,0.4983098,0.1601493,0.5968812,,,0.6512527,,,,0.5328097,,0.60235,0.3095203,0.5005468,0.520854,0.4879614,0.2517804,0.522879,0.5237672,0.4475319,0.3610441,0.4165815,0.3984607,0.5118344,0.563292,0.4791262,0.4315301,0.5015389,0.3507115,0.664354,0.5763711,0.3629519,0.5212363,0.5826205,0.243202,,0.4711085,0.4760436,0.5859867,0.127632
m106,,,,,,,,0.2830769,,,0.1295765,,,0.2659749,,0.4584684,0.9763058,0.7202521,,,,,0.1840619,,0.6362805,0.1646956,,,0.7156493,,,,,,,0.8908415,,,,,,,,,,,0.5985485,,,,,0.0008393,,,0.1477602,,,,,,,,,,,,,,,,,0.4486197,,,,,,,,,0.8348341,0.2207214,,0.0009997,0.6258122,0.8767393,,1.0,,0.9391266,,0.9492188,,,,,0.8117269,0.3193902,0.5790779,
m108,,,0.2303944,,0.0096307,,,0.8393629,,,,,,,,,0.7141854,0.9496782,,,,,,,0.8272081,,,,,,0.4270793,,,,0.8451282,,,,,,,,,,,,,,,,,,,,0.2319087,0.2882585,,0.6647334,,,,,,,,,,,,,,,,,0.9213421,0.7719548,,,,,0.5935671,0.0141842,,,,0.0227328,,0.7477001,,,,,,,,,0.8166762,1.0,1.0,
m110,0.3861558,0.3130723,0.647151,0.2165687,0.5511889,0.2764885,0.456459,0.6791912,0.5276005,0.2417383,0.4787523,0.3686281,0.4850758,0.5396603,0.3520432,0.6415649,0.5499887,0.5776501,0.1649784,0.5251412,0.2967844,0.3316749,0.5027191,0.381703,0.7576324,0.533075,0.1783011,0.2369037,0.5516788,0.3587334,0.5897846,0.2923229,0.1793464,0.3255295,0.4643083,0.5282718,0.2875482,0.3395158,0.3879151,0.3105424,0.4435405,0.6416644,0.4762946,0.4022275,0.8753008,0.2000717,0.6014885,0.3905434,0.0896201,0.3745198,0.1971051,0.6121061,0.1477602,0.2319087,,0.4885945,0.5534686,0.4131185,0.3512091,,0.3131969,0.2509275,0.2251814,0.1540022,,0.2413725,,0.4695163,,0.3328992,,0.5118205,0.1892357,0.3837022,0.7189552,0.4120169,0.5373013,0.4429351,0.3047442,0.2147777,0.4439189,0.499869,0.3319891,0.3494378,0.4177143,0.2507447,0.2855489,0.5516853,0.3106744,0.5904668,0.4017579,0.3066324,0.3132423,0.402979,0.3422841,,0.5130171,0.2745784,0.4345338,0.3195031
m112,0.4815954,0.4497973,0.4768354,0.2542014,0.5143415,0.6154435,0.303682,0.4970236,0.5639518,0.4764492,0.4985952,0.5217779,0.5889755,0.2937794,0.3971435,0.5116542,0.5386133,0.4585693,0.6580864,0.9826491,0.5292561,0.5378179,0.4464009,0.5055086,0.4641334,0.464135,0.3165259,,0.5089338,0.4573631,0.5302254,0.6182681,0.3853941,0.4315553,0.53189,0.4130128,0.4889475,0.4408571,0.523698,0.2882366,0.1267882,0.796066,0.527537,0.5098338,,0.5286715,0.4459712,,0.4991705,0.5119154,0.5184388,0.5564141,,0.2882585,0.4885945,,,0.2617594,0.6782302,,0.4973818,0.22553,0.4471097,,,0.5907605,,,,0.6080694,,0.4745129,0.3064427,0.7178965,0.4932836,0.5095973,0.4512389,0.6562242,0.5002501,0.5076766,0.5176458,0.5141702,0.5404508,0.5482156,0.5674218,0.459255,0.4479528,0.4871034,0.4237652,0.5496498,0.7650366,0.5522067,0.49663,0.4372362,0.4362682,,0.6161414,0.3945091,0.551935,0.3961604
m114,0.4411081,0.9540335,0.26033,,0.3432871,,0.8048776,0.4290242,,,0.6188391,,,,,0.699137,0.2633149,0.3681512,,,,,0.6444611,0.2370625,0.3991996,0.5206151,,,0.4929892,0.4904773,0.5870918,,,,0.0467309,0.3360993,0.8839433,,,,0.799085,,,,,0.9273854,,,,,,0.5283275,,,0.5534686,,,,,,,,,,,,,,,0.7110604,,0.4338727,,,0.2670104,,0.1237646,,,,,,,0.3861752,0.1325672,,,,,,,,,,0.216174,,,0.5825994,,
m116,0.5434461,,0.604096,0.1299567,0.2342776,0.3867861,0.8722702,0.6444728,0.3015585,0.1732204,0.5651116,0.5848388,0.7712933,0.7642517,0.3873584,0.639626,0.7548116,0.919758,,0.6403668,0.1831219,0.1431732,0.320674,0.5157702,0.7698425,0.7895014,,,0.8528148,0.4309608,0.2985916,,,,0.3801185,0.7772551,0.2003658,0.4278882,0.8228396,,0.7613958,,0.8844942,,,0.7806683,0.6958395,0.8281665,,,0.2162909,0.2692249,,0.6647334,0.4131185,0.2617594,,,,,0.6661498,0.2597067,0.3036833,,,0.4159249,,,,0.6252873,,0.3906776,0.3366959,,0.6579859,0.5248986,0.4218113,0.6980652,0.1888247,0.2609741,0.5637798,0.3151648,0.4728606,0.3933157,0.3878443,0.5434647,,0.6683789,,0.7304912,,0.9014056,0.2873464,0.7839136,0.6399017,,0.8361755,0.8655281,0.3382426,
m118,0.4385368,0.7421354,0.4957769,,0.5010638,0.6301453,0.9012403,0.5257141,0.5613089,0.666363,0.4498241,0.5648538,0.2147658,0.3822107,,0.4081708,0.3103921,0.2205455,0.0898247,,0.6977627,0.5437369,0.5803152,0.6114,0.4658299,0.2688164,,,0.4513855,0.4675528,0.6079977,0.6205027,0.5447986,0.7103824,0.4931145,0.1995534,0.773856,0.4120047,0.4453829,0.0688045,,,0.7641968,0.3918503,,0.8123123,0.4465727,,,0.6271858,0.6588708,0.4904255,,,0.3512091,0.6782302,,,,,0.4718362,,0.2108177,,,0.7512269,,,,0.8112345,,0.4603218,,0.6839974,0.3888125,0.9569495,0.3376883,0.3412792,0.542854,0.5561261,0.3055626,0.3035207,0.7996623,0.7252328,0.7052119,0.5780834,0.2840564,0.6327485,,0.5584225,0.6618387,,0.6183127,0.4245304,0.0436374,,0.3869875,0.5235752,0.5431317,
m120,,,,,,,,,,,,,,,,,,,,,,,,,,,,,,,,,,,,,,,,,,,,,,,,,,,,,,,,,,,,,,,,,,,,,,,,,,,,,,,,,,,,,,,,,,,,,,,,,,,,
m122,0.6072979,0.7424082,0.4472693,0.3718967,0.5191201,0.6983467,0.3761114,0.3359771,0.4129606,0.8254696,0.6823651,0.5859662,0.5588787,0.48371,0.6871554,0.3275705,0.3933207,0.361811,0.5841541,,0.7581222,0.5611291,0.6302437,0.5340139,0.2251456,0.2931148,0.8602634,,0.3665929,0.5602265,0.3862789,0.7119508,0.7215823,0.3519399,0.5298499,0.3628076,0.72266,0.5430664,0.3202789,0.4224494,0.1871137,,0.5659131,0.6310016,,0.6849242,0.4296011,,,0.5394904,0.9294987,0.4983098,,,0.3131969,0.4973818,,0.6661498,0.4718362,,,,0.760754,,,0.7553062,,,,0.59469,,0.5985225,,0.5849017,0.3431964,0.6192465,0.7126237,0.283948,0.6933778,0.7515844,0.3109133,0.4338462,0.6250128,0.6402053,0.6470638,0.700103,0.5990736,0.2786086,0.7659465,0.4779174,0.7275012,0.7018265,0.6044966,0.4188237,0.9316222,,0.3846692,0.6951848,0.501583,0.6343262
m124,,0.3846106,0.4545945,,0.7210359,,0.9012147,0.6357688,0.8650286,0.6807445,0.4946797,0.3371602,,0.7082178,0.761925,0.5844223,0.4959918,0.3592699,,,0.7076907,,,,0.4420453,0.8328469,,,0.2137076,,0.5824783,,,,0.2849046,0.2868055,,0.1905859,0.3112647,,0.4410351,,0.074604,,,,0.5871691,,,,,0.1601493,,,0.2509275,0.22553,,0.2597067,,,,,,,,0.7255223,,,,,,0.1432183,,,0.3895383,0.5377482,0.8932364,0.2291878,,0.3024041,0.6095361,0.0184961,0.5606482,0.5208949,,0.289764,,0.5683703,,,,0.2755555,,,0.7775127,,0.5214264,0.6071931,0.3908932,
m126,0.51789,0.8107548,0.6144242,0.8765886,0.3476551,0.6335291,0.5972305,0.1570855,0.4719028,0.6706881,0.3777593,0.4976913,0.8674695,,,0.1772146,0.4300562,0.2167524,0.9724464,,0.62844,0.7172793,0.3656358,0.7019662,0.1517283,0.3875911,0.8017663,0.8846277,0.3381287,0.6372441,0.4522707,0.7576567,0.9845876,0.0277668,0.4795021,,0.5673682,0.6315195,,,,,0.1837309,0.5981745,,0.6963659,0.4619722,,,0.2998266,0.9129604,0.5968812,,,0.2251814,0.4471097,,0.3036833,0.2108177,,0.760754,,,,,0.6345508,,,,0.2984348,,0.7594809,0.8702723,0.5135696,0.2290979,0.0559511,0.3341464,,0.6123826,0.8217629,0.33441,0.0196628,0.7320099,0.5827955,0.6894046,0.7086154,0.8368485,0.1100164,,0.4523963,0.9568319,0.2609919,0.7356393,0.5608471,,,0.579804,0.7007658,0.5095108,
m128,,,0.9195167,,,,,0.7582083,,,,,,,,0.6053473,0.4723607,0.8527531,,,,,,,0.5973166,0.0179117,,,0.474097,,,,,,0.0955198,,,,,,,,,,,,,,,0.5623169,,,,,0.1540022,,,,,,,,,,,,,,,,,0.3073101,,,0.2633411,0.2296003,0.3657495,,,,0.7996695,0.8088845,,,,,,0.9195167,,,,,,,0.4994627,,,,,
m130,,,,,,,,,,,,,,,,,,,,,,,,,,,,,,,,,,,,,,,,,,,,,,,,,,,,,,,,,,,,,,,,,,,,,,,,,,,,,,,,,,,,,,,,,,,,,,,,,,,,
m132,0.5342756,0.8306936,0.3537912,0.5883683,0.4415532,0.6104811,0.539695,0.3460149,0.5971474,0.7911168,0.5997468,0.6040159,0.4087246,0.3999351,0.7494885,0.2516896,0.3750319,0.2581922,0.8443143,0.2479682,0.7557424,0.6775725,0.5616198,0.6234784,0.2058114,0.4182076,,,0.2190726,0.6197052,0.4396015,0.9205974,0.5008283,0.2211332,0.596661,0.2407637,0.3775687,0.8230857,0.3581996,,0.2002963,,0.4822823,0.738352,,0.768026,0.3529017,,,0.6396921,0.904859,0.6512527,,,0.2413725,0.5907605,,0.4159249,0.7512269,,0.7553062,0.7255223,0.6345508,,,,,,,0.5603769,,0.4739274,,0.7869523,0.3024923,0.6920789,0.3960372,0.4635479,0.7133163,0.8234982,0.4085706,0.4433623,0.8160694,0.7704951,0.6800721,0.7895357,0.8581017,0.1435348,0.4347384,0.4789563,0.8026408,0.6878385,0.6804893,0.6704325,0.3798749,,0.4090809,0.7799114,0.636457,0.9419462
m134,,,,,,,,,,,,,,,,,,,,,,,,,,,,,,,,,,,,,,,,,,,,,,,,,,,,,,,,,,,,,,,,,,,,,,,,,,,,,,,,,,,,,,,,,,,,,,,,,,,,
m136,,,0.7262395,,,,,0.1965444,0.6024106,,,,0.6290201,0.520984,,0.7761529,0.4666915,0.3851118,,,,,,,0.412448,0.7320775,,,0.7079842,,0.329398,,,,0.3776086,,,,,0.2777283,,,,,,,0.2928225,,,,,,,,0.4695163,,,,,,,,,,,,,,,,,0.7364464,,,,,0.3048709,,,,0.6325696,0.8816859,0.8164205,,,,,0.9365975,,0.8593256,,,,,0.4975472,,0.6233008,,,
m138,,,,,,,,,,,,,,,,,,,,,,,,,,,,,,,,,,,,,,,,,,,,,,,,,,,,,,,,,,,,,,,,,,,,,,,,,,,,,,,,,,,,,,,,,,,,,,,,,,,,
m140,0.5675631,0.7258196,0.3930396,0.7695696,0.531641,0.6788204,0.464447,0.4228075,0.316415,0.7161437,0.5931986,0.7203455,0.3149475,0.2754418,0.221085,0.4193734,0.3244847,0.3602727,0.4825527,0.2698612,0.6892342,0.5417453,0.5763108,0.5283796,0.3593634,0.3367688,0.3632335,,0.3817906,0.5787324,0.6537071,0.6655507,0.7485878,0.4454309,0.4748256,0.362263,0.8215252,0.4869884,0.2920522,,0.4845103,0.3639491,0.6965299,0.5731871,,0.7471744,0.3441803,,,0.6733512,0.6207808,0.5328097,,,0.3328992,0.6080694,0.7110604,0.6252873,0.8112345,,0.59469,,0.2984348,,,0.5603769,,,,,,0.5122586,0.9261745,0.4923052,0.4475342,0.9072295,0.16183,0.3853264,0.8212891,0.7100967,0.261363,0.3441663,0.7396057,0.7106645,0.6534378,0.6468085,0.4529497,0.4677659,,0.6358865,0.7107204,0.6034652,0.5720373,0.377863,0.1934635,,0.3952684,0.691908,0.4957579,0.0158552
m142,,,,,,,,,,,,,,,,,,,,,,,,,,,,,,,,,,,,,,,,,,,,,,,,,,,,,,,,,,,,,,,,,,,,,,,,,,,,,,,,,,,,,,,,,,,,,,,,,,,,
m144,0.5479303,0.5658313,0.4552318,0.6657216,0.4894425,0.6078101,0.4210451,0.4791102,0.5786708,0.6749507,0.4456121,0.5988021,0.4569902,0.2609588,0.5774489,0.5623495,0.425748,0.4472859,0.4075324,0.7630491,0.6084011,0.6604364,0.486793,0.5744663,0.4580923,0.5163416,0.7469277,,0.5192396,0.5830667,0.4454233,0.4632519,0.8193858,0.7285836,0.5388176,0.5483625,0.5956376,0.4678915,0.3787785,0.3439028,0.5361931,0.7494001,0.3951418,0.5325101,,0.4830988,0.5748396,0.9493809,,0.5145339,0.4868145,0.60235,0.4486197,,0.5118205,0.4745129,0.4338727,0.3906776,0.4603218,,0.5985225,0.1432183,0.7594809,0.3073101,,0.4739274,,0.7364464,,0.5122586,,,0.918253,0.5296165,0.4501915,0.426499,0.3280179,0.5108189,0.5680044,0.6129219,0.405664,0.4494627,0.7861636,0.5046968,0.5152535,0.6905207,0.4075595,0.4238282,0.374051,0.6240674,0.5166636,0.5307193,0.5300607,0.5794015,0.4547197,,0.4850386,0.4044433,0.5786021,0.5441776
m146,0.4099616,0.7350847,0.0583903,0.4641221,0.4411788,,0.5114899,0.0278958,,0.7294092,0.1667973,0.3185978,0.430341,0.2321099,,0.0903619,0.5577963,0.2426121,,,0.7980054,0.462553,,0.5402791,0.1295293,0.7138185,0.6892604,,0.7836058,0.8338601,0.6065376,,,,,,,0.332109,0.8803068,,0.0736642,,0.1459572,0.7767665,,,,,,,,0.3095203,,,0.1892357,0.3064427,,0.3366959,,,,,0.8702723,,,,,,,0.9261745,,0.918253,,,0.4083581,,0.7376433,0.4488464,0.6555343,0.825067,0.1828744,0.2805825,,0.7889988,0.7980054,0.9321763,,,,0.2765631,,,0.8189392,,,,0.1117805,0.9453793,0.8850177,
m148,0.7215455,0.4782794,0.3415458,,0.2061658,0.4439242,0.6136357,0.6384954,0.7951908,0.7066724,0.5993248,0.4415245,0.6330887,0.4495274,,0.4717386,0.4883302,0.3458013,,0.4180975,0.2882765,0.5718759,0.7943355,0.2173303,0.2883544,0.4587618,,,0.6299699,,0.5363032,0.9725216,,0.541069,0.7483347,0.5119366,0.5069954,0.482009,0.15665,0.4245762,0.4702908,0.7737316,0.2094338,0.6008613,,0.5973917,0.4316831,,,0.4940275,0.8592031,0.5005468,,,0.3837022,0.7178965,,,0.6839974,,0.5849017,,0.5135696,,,0.7869523,,,,0.4923052,,0.5296165,,,0.3438018,0.5647187,0.5734332,,0.5490172,0.7409562,0.4782464,0.7510632,0.966505,0.5564112,0.654955,0.8622724,,0.3781294,0.6138164,0.5138141,0.6634162,0.3507418,0.6123878,0.5705216,0.2335955,,0.2331353,0.5248635,0.5958623,
m150,0.3650081,0.3795014,0.6264045,0.3659695,0.506782,0.3140119,0.5258278,0.5763841,0.5140416,0.249274,0.5199638,0.4125769,0.5391978,0.6335551,0.448587,0.591101,0.6211579,0.5914698,0.3449661,0.5974857,0.4333961,0.2929213,0.4121405,0.4516347,0.6927596,0.5584592,0.2275147,,0.5744838,0.4003076,0.634214,0.246175,0.1568781,0.3539988,0.4062449,0.6360472,0.3302928,0.3285636,0.3353516,0.5170575,0.5277489,0.2764864,0.502373,0.3534793,0.1063252,0.2545188,0.5295456,0.7779849,0.1545048,0.3817173,0.1823899,0.520854,,0.9213421,0.7189552,0.4932836,0.2670104,0.6579859,0.3888125,,0.3431964,0.3895383,0.2290979,0.2633411,,0.3024923,,,,0.4475342,,0.4501915,0.4083581,0.3438018,,0.5793891,0.5627963,0.4611185,0.2976702,0.2742343,0.4719232,0.4880255,0.3488732,0.3460887,0.4260616,0.2958198,0.3384548,0.5852706,0.3989861,0.5013307,0.3133204,0.5239118,0.2711504,0.4641744,0.5086274,,0.5117502,0.3036271,0.4467854,0.3251301
m152,0.3132756,0.9016123,0.5180681,,0.3347032,0.5279803,0.5567753,0.3654666,0.3548435,0.6281295,0.5090981,0.6615442,0.4492518,0.5906887,0.6105341,0.5491584,0.5061599,0.592971,,1.0,0.5359378,0.4954141,0.6337674,0.1737124,0.4273538,0.6048516,,,0.4519247,0.3259229,0.550514,,,0.543887,0.5319383,0.5473853,,0.4855544,0.4904478,0.6853549,0.7773502,0.3393378,0.3913099,0.652522,,0.3242607,0.6379834,,0.6447761,0.5502892,0.6620071,0.4879614,,0.7719548,0.4120169,0.5095973,,0.5248986,0.9569495,,0.6192465,0.5377482,0.0559511,0.2296003,,0.6920789,,,,0.9072295,,0.426499,,0.5647187,0.5793891,,0.6133093,0.6198061,0.2820372,0.6837513,0.4658761,0.337673,0.3869503,0.3193517,0.59003,0.5027014,,0.4051799,,0.6580695,0.7580354,0.6232554,0.4483482,0.5730935,0.4521578,,0.3436553,0.5866379,0.5205857,
m154,0.2692616,0.2803475,0.466636,0.3177383,0.4071734,0.5516746,0.4297691,0.543382,0.5245435,0.795367,0.297658,0.5386903,0.617267,0.5554727,0.6479924,0.5259029,0.4960703,0.5440348,,0.2986373,0.2831776,0.2977848,0.5397018,0.5859647,0.5337443,0.6045892,,,0.539195,0.5622559,0.4836326,0.3677766,,0.4393596,0.461046,0.5923707,0.3021186,0.48844,0.5745352,0.3889945,0.5001872,0.4284735,0.1261313,0.3132444,,0.4952219,0.4592074,,0.3070553,0.2924501,0.2598031,0.2517804,,,0.5373013,0.4512389,0.1237646,0.4218113,0.3376883,,0.7126237,0.8932364,0.3341464,0.3657495,,0.3960372,,0.3048709,,0.16183,,0.3280179,0.7376433,0.5734332,0.5627963,0.6133093,,0.4300836,0.4762148,0.4973133,0.6998061,0.3049238,0.5108191,0.4161504,0.3801647,0.4242798,0.5950771,0.6971112,1.0,0.2883679,0.5155248,0.7329061,0.3492676,0.5485298,0.7295143,,0.4438811,0.5105499,0.4941888,0.681234
m156,0.549365,0.0841209,0.5548298,,0.6422697,0.2528845,0.3296687,0.5335709,0.6058954,0.2572039,0.5497796,0.6692315,0.7583426,0.2130047,0.6769404,0.5335195,0.3748899,0.5275584,,0.1681299,0.0942921,0.4820165,0.7723634,0.5101307,0.5672881,0.6834913,,,0.6644025,0.327331,0.3767178,,,0.464443,0.5096243,0.6552454,0.3436504,0.3070983,0.7997967,,0.4615965,0.4880776,0.619664,0.309199,,0.3721015,0.7412617,0.9248352,,0.9008541,0.1641389,0.522879,,,0.4429351,0.6562242,,0.6980652,0.3412792,,0.283948,0.2291878,,,,0.4635479,,,,0.3853264,,0.5108189,0.4488464,,0.4611185,0.6198061,0.4300836,,0.6138773,0.1588891,0.5884467,0.5818823,0.4029651,0.3452664,0.2773746,0.4751434,0.1648826,0.4346383,0.1869911,0.6354412,0.5013447,0.8067575,0.4929077,0.7573885,0.4712317,,0.7435042,0.3788215,0.5717784,
m158,0.6301305,0.5807443,0.398919,0.8373694,0.5304457,0.6472165,0.3872813,0.3272294,0.5649684,0.6852296,0.4631806,0.6065849,0.4271661,0.0685164,0.0906884,0.3133946,0.4570684,0.2611021,0.6334194,0.626584,0.7946798,0.6061514,0.694994,0.6269908,0.2411792,0.384157,0.7329059,,0.3047783,0.6292847,0.4424597,0.814893,0.8249077,0.1439984,0.6886113,0.2326205,0.769996,0.5374418,0.3132354,0.2663109,0.4691989,,0.5457364,0.6483479,,0.7185552,0.3704155,,,0.6073322,0.7324859,0.5237672,,,0.3047442,0.5002501,,0.1888247,0.542854,,0.6933778,,0.6123826,,,0.7133163,,,,0.8212891,,0.5680044,0.6555343,0.5490172,0.2976702,0.2820372,0.4762148,0.6138773,,0.7445252,0.2700705,0.4160514,0.5162365,0.6591732,0.5836418,0.6975158,0.6480194,0.3488622,,0.4017846,0.7640018,0.2847529,0.6574647,0.3588353,0.3576,,0.3789124,0.6949551,0.5921903,0.4560867
m160,0.646777,0.7379499,0.3263973,0.6102128,0.4601707,0.8595325,0.4680616,0.2672279,0.5432288,0.7706714,0.6027191,0.6424563,0.4987286,0.1997997,0.2214673,0.251227,0.3054742,0.2658199,0.8882886,,0.6861715,0.764504,0.5746015,0.7096372,0.1321735,0.3694545,0.8827963,0.9756084,0.2666591,0.6526174,0.4647854,0.8601288,0.8652362,0.2799009,0.5714062,0.3660726,0.7691162,0.7163173,0.566258,0.4278098,0.252348,,0.4955888,0.6967302,,0.7626094,0.363771,0.1663491,0.9154583,0.7070857,0.8266129,0.4475319,,,0.2147777,0.5076766,,0.2609741,0.5561261,,0.7515844,0.3024041,0.8217629,,,0.8234982,,,,0.7100967,,0.6129219,0.825067,0.7409562,0.2742343,0.6837513,0.4973133,0.1588891,0.7445252,,0.2276763,0.385522,0.8237485,0.7837087,0.6371705,0.7982623,0.9004398,0.1816629,0.3708634,0.3866251,0.7583133,0.5461795,0.7532003,0.5998012,0.3063907,,0.3108531,0.7871699,0.5354808,0.8176259
m162,0.2671827,0.315598,0.5129292,0.4437009,0.3630382,0.3201106,0.5044769,0.5614744,0.4098011,0.3309393,0.3226877,0.3507967,0.5576541,0.5949846,0.6385234,0.6268834,0.568548,0.5943066,,0.6408855,0.4719435,0.3526209,0.4243585,0.324726,0.6069798,0.5998898,,,0.6133841,0.3246515,0.3519729,0.4069011,0.3992023,0.3666303,0.3844079,0.5611145,0.2741752,0.2958096,0.5592848,0.5302817,0.4785182,0.4457346,0.3356221,0.2491331,,0.3694613,0.4446585,0.8841609,0.2792456,0.2973673,0.4377526,0.3610441,0.8348341,0.5935671,0.4439189,0.5176458,,0.5637798,0.3055626,,0.3109133,0.6095361,0.33441,0.7996695,,0.4085706,,0.6325696,,0.261363,,0.405664,0.1828744,0.4782464,0.4719232,0.4658761,0.6998061,0.5884467,0.2700705,0.2276763,,0.5484143,0.314142,0.2102569,0.3734643,0.3058196,0.1637017,0.7023673,0.4698456,0.3956758,0.5607604,0.6068662,0.293698,0.625867,0.6305508,,0.5474008,0.3582103,0.4237369,0.1888705
m164,0.5844169,0.4044562,0.5263657,0.3829393,0.5245274,0.2560968,0.4651895,0.5230721,0.5344938,0.3948524,0.4720866,0.5068323,0.4353947,0.4721133,0.2923013,0.5670085,0.5050839,0.5316203,,0.3097118,0.5270705,0.406335,0.5991966,0.4597339,0.4992889,0.5963597,0.8044144,,0.4870924,0.5648537,0.429942,0.4823604,0.4505472,0.4007686,0.540703,0.57936,0.5381399,0.3428885,0.5727272,0.526152,0.6411006,0.3065571,0.4133309,0.3676854,0.6741905,0.3674967,0.5551866,0.4037206,,0.5031211,0.4158786,0.4165815,0.2207214,0.0141842,0.499869,0.5141702,,0.3151648,0.3035207,,0.4338462,0.0184961,0.0196628,0.8088845,,0.4433623,,0.8816859,,0.3441663,,0.4494627,0.2805825,0.7510632,0.4880255,0.337673,0.3049238,0.5818823,0.4160514,0.385522,0.5484143,,0.3552134,0.4394993,0.4140042,0.5039781,0.4791309,0.562109,0.4772418,0.4786533,0.3234868,0.3860037,0.3506709,0.4546049,0.6039289,,0.5676074,0.4053239,0.5696578,0.2309817
m166,0.5983293,0.7566161,0.5493682,,0.4924309,0.786304,0.2970737,0.5163826,0.6388033,0.9309039,0.6952861,0.5046994,0.5538201,0.4794506,0.5711872,0.2642333,0.3632129,0.2102121,,,0.3654201,0.5216458,0.7979301,0.3982367,0.2695333,0.490285,,,0.2521226,0.5830556,0.4300826,0.8858045,0.7418537,0.8543409,0.5284501,0.3059527,0.8196785,0.556975,0.280544,0.2294518,0.0451469,,0.517686,0.6112422,,0.5948489,0.2859471,,0.6870523,0.6174061,0.9328851,0.3984607,,,0.3319891,0.5404508,,0.4728606,0.7996623,,0.6250128,0.5606482,0.7320099,,,0.8160694,,0.8164205,,0.7396057,,0.7861636,,0.966505,0.3488732,0.3869503,0.5108191,0.4029651,0.5162365,0.8237485,0.314142,0.3552134,,0.838737,0.7936543,0.8707909,0.6890744,0.2517164,0.4196955,0.5314241,0.5456266,0.5705696,0.5848263,0.3909721,0.290684,,0.2667727,0.7525444,0.5476596,
m168,0.6259328,0.6425276,0.3544815,0.6626449,0.5353239,0.7523348,0.4007957,0.3471647,0.4984124,0.7581474,0.5582322,0.6073538,0.4804748,0.4259411,0.4514754,0.2815288,0.3998314,0.2957814,0.5975596,0.3742824,0.5570545,0.7308805,0.6096971,0.6913348,0.2125231,0.3420049,0.6964601,,0.2316861,0.5804749,0.5495463,0.7370986,0.7415905,0.592767,0.5696962,0.2420508,0.7067545,0.5630017,0.5613077,0.1593636,0.3835221,0.9432953,0.5995949,0.6475602,,0.7028476,0.4759255,0.0568764,0.8142349,0.6386294,0.584544,0.5118344,0.0009997,,0.3494378,0.5482156,0.3861752,0.3933157,0.7252328,,0.6402053,0.5208949,0.5827955,,,0.7704951,,,,0.7106645,,0.5046968,0.7889988,0.5564112,0.3460887,0.3193517,0.4161504,0.3452664,0.6591732,0.7837087,0.2102569,0.4394993,0.838737,,0.6756708,0.7116741,0.6810742,0.2043207,0.551831,0.3640833,0.6652523,0.4908324,0.6848302,0.4492456,0.3099095,,0.3435787,0.6400987,0.5028941,0.5943969
m170,0.5180779,0.6800479,0.4180839,0.6242789,0.4675392,0.6635349,0.5261601,0.3500363,0.454249,0.6640169,0.6125915,0.6047341,0.355166,0.493293,0.4365415,0.4081679,0.3666259,0.2995696,0.3553605,0.6851081,0.6200839,0.6483293,0.5875105,0.5592706,0.3233303,0.3473364,0.2899379,,0.3256319,0.449189,0.5225547,0.7070731,0.4454681,0.8538251,0.5588384,0.3543932,0.5502866,0.4776327,0.6001704,0.2503239,0.4535652,0.4169922,0.4905919,0.7352964,,0.7164898,0.4145923,,0.6992085,0.492964,0.6819312,0.563292,0.6258122,,0.4177143,0.5674218,0.1325672,0.3878443,0.7052119,,0.6470638,,0.6894046,,,0.6800721,,,,0.6534378,,0.5152535,0.7980054,0.654955,0.4260616,0.59003,0.3801647,0.2773746,0.5836418,0.6371705,0.3734643,0.4140042,0.7936543,0.6756708,,0.6118412,0.5913706,0.4399995,0.6841769,0.5670443,0.6659118,0.6237714,0.6189661,0.5841503,0.3456701,,0.4398685,0.6272429,0.5727533,0.7740352
m172,0.5806294,0.777016,0.3812269,0.7153509,0.4766825,0.8210361,0.4064403,0.309801,0.5098775,0.7874144,0.4807035,0.6336441,0.4746522,0.1243101,0.3205737,0.3164505,0.3716512,0.2742844,0.839586,,0.6973922,0.7295556,0.5222896,0.6749105,0.2370259,0.3907247,0.87352,,0.2819377,0.6262051,0.454241,0.8941237,0.7489878,0.5975063,0.5360298,0.5106357,0.7913508,0.5708964,0.3295399,0.6921865,0.6535338,,0.3891355,0.6146454,,0.7411575,0.5257084,0.5618251,0.8297821,0.5935653,0.8145711,0.4791262,0.8767393,0.0227328,0.2507447,0.459255,,0.5434647,0.5780834,,0.700103,0.289764,0.7086154,,,0.7895357,,,,0.6468085,,0.6905207,0.9321763,0.8622724,0.2958198,0.5027014,0.4242798,0.4751434,0.6975158,0.7982623,0.3058196,0.5039781,0.8707909,0.7116741,0.6118412,,0.7796715,0.2874442,0.1656953,0.4541233,0.4613473,0.3945838,0.6408581,0.5993789,0.5904785,,0.3753243,0.7082016,0.5324847,0.4791572
m174,0.5511382,0.615031,0.3359098,0.6844408,0.3774461,0.825941,0.331662,0.3290266,0.5411989,0.7932478,0.5969629,0.5635078,0.2694722,0.2533382,,0.2813192,0.2694069,0.2735358,0.7888684,,0.6277566,0.7069176,0.3049606,0.6825731,0.1325333,0.2369363,0.7135671,,0.0908782,0.6286801,0.3795607,0.626612,0.8066315,,0.6816402,,0.8401965,0.4957689,0.8318459,,,,0.4758924,0.7893501,,0.4915263,0.3565635,,,0.6707387,0.8000433,0.4315301,,,0.2855489,0.4479528,,,0.2840564,,0.5990736,,0.8368485,,,0.8581017,,,,0.4529497,,0.4075595,,,0.3384548,,0.5950771,0.1648826,0.6480194,0.9004398,0.1637017,0.4791309,0.6890744,0.6810742,0.5913706,0.7796715,,0.1562199,,0.4507588,,0.13562,0.7900114,0.475751,,,0.4835152,0.7851553,0.5063003,
m176,0.3001793,0.3657421,0.5583019,0.6351821,0.3966577,0.2541768,0.5888752,0.5561414,0.4023891,0.1202698,0.4641749,0.4772665,0.4003254,0.5899134,0.6287278,0.6893363,0.5739052,0.6881476,,0.7242834,0.4905404,0.2408017,0.3193782,0.4090743,0.6277344,0.5365629,0.0271539,,0.5842005,0.596209,0.3124879,0.5436948,0.0899557,0.3549494,0.4713153,0.6072598,0.3291094,0.4626389,0.6112915,0.5261789,0.7190826,0.796228,0.5300737,0.3539485,,0.4779184,0.6020133,0.8737489,0.2537119,0.2610731,0.2089484,0.5015389,1.0,0.7477001,0.5516853,0.4871034,,0.6683789,0.6327485,,0.2786086,0.5683703,0.1100164,0.9195167,,0.1435348,,0.9365975,,0.4677659,,0.4238282,,0.3781294,0.5852706,0.4051799,0.6971112,0.4346383,0.3488622,0.1816629,0.7023673,0.562109,0.2517164,0.2043207,0.4399995,0.2874442,0.1562199,,0.686089,0.4832715,0.53698,0.5693442,0.2180309,0.5563471,0.5495208,,0.6203586,0.3344897,0.4451474,0.0593054
m178,0.8433285,0.3203149,0.3783903,,0.2543988,0.8086048,0.2583938,0.5282709,0.565979,,0.7135769,0.8248315,0.7461858,0.7363018,0.6314974,0.3645946,0.2605936,0.4538595,,,,,0.5310449,,0.4700971,0.3689852,,,0.5961156,0.2233452,0.4771212,,,,0.561508,0.3632722,,,,,,,,0.9914698,,0.2386595,0.7455245,,,0.705546,,0.3507115,,,0.3106744,0.4237652,,,,,0.7659465,,,,,0.4347384,,,,,,0.374051,,0.6138164,0.3989861,,1.0,0.1869911,,0.3708634,0.4698456,0.4772418,0.4196955,0.551831,0.6841769,0.1656953,,0.686089,,0.1874203,0.4136366,,0.5050688,0.1763859,0.5761878,,0.7798276,0.7780375,0.3426159,
m180,0.4309141,0.4072671,0.5722703,0.4323747,0.5736347,0.3052188,0.4782289,0.6069663,0.6561292,0.4306087,0.5366263,0.487677,0.3520927,0.3583647,0.7736959,0.5589955,0.4210386,0.5392055,0.2218867,0.6373715,0.4359093,0.47599,0.4921427,0.447547,0.5845017,0.523036,0.3983718,,0.4206931,0.4155922,0.5858008,0.5389011,0.3222481,0.6622037,0.5820499,0.6436118,0.4160741,0.4591951,0.2418139,0.4032214,0.8038615,,0.5640445,0.5249745,,0.4722226,0.5222025,,0.0898222,0.5129834,0.3515984,0.664354,0.9391266,,0.5904668,0.5496498,,0.7304912,0.5584225,,0.4779174,,0.4523963,,,0.4789563,,0.8593256,,0.6358865,,0.6240674,0.2765631,0.5138141,0.5013307,0.6580695,0.2883679,0.6354412,0.4017846,0.3866251,0.3956758,0.4786533,0.5314241,0.3640833,0.5670443,0.4541233,0.4507588,0.4832715,0.1874203,,0.6199488,0.6867752,0.4284794,0.6106869,0.6433317,,0.4609059,0.4841774,0.4980406,0.347958
m182,0.5340405,0.6135475,0.4561923,,0.5707443,0.9525835,0.487823,0.3483965,0.3803835,0.6975971,0.4341755,0.78989,0.498458,0.1701953,,0.4389449,0.2044717,0.3210751,0.3504925,0.5128832,0.5338563,0.4825073,0.6786911,0.6000653,0.2172847,0.3326622,,,0.3483145,0.7702787,0.5728699,0.6304397,,0.5460298,0.4946469,0.2579044,0.7520515,,0.4368567,0.3469014,0.277827,0.8945973,0.8513101,0.2346988,,0.9012617,0.6290231,,,0.5039686,0.8965069,0.5763711,,,0.4017579,0.7650366,,,0.6618387,,0.7275012,,0.9568319,,,0.8026408,,,,0.7107204,,0.5166636,,0.6634162,0.3133204,0.7580354,0.5155248,0.5013447,0.7640018,0.7583133,0.5607604,0.3234868,0.5456266,0.6652523,0.6659118,0.4613473,,0.53698,0.4136366,0.6199488,,0.2710342,0.6125486,0.2422381,0.3815237,,0.0662101,0.6256056,0.4256723,
m184,0.6115854,0.8969029,0.2894787,,0.5655013,0.5454131,0.952931,0.6721544,0.6118979,0.7488431,0.5406497,0.3438409,0.645009,0.5241647,0.9263924,0.505934,0.4946299,0.5917698,,,0.7175739,0.6021451,0.5121446,0.3313693,0.5094091,0.5728824,,,0.5351603,0.1065313,0.2486901,,,,0.5266556,0.5077932,0.283789,0.657669,0.3598487,0.8474631,0.3535154,0.0986239,0.7801299,0.3593931,,0.510863,0.4934958,,,0.7862844,0.8599958,0.3629519,0.9492188,,0.3066324,0.5522067,,0.9014056,,,0.7018265,0.2755555,0.2609919,,,0.6878385,,,,0.6034652,,0.5307193,,0.3507418,0.5239118,0.6232554,0.7329061,0.8067575,0.2847529,0.5461795,0.6068662,0.3860037,0.5705696,0.4908324,0.6237714,0.3945838,0.13562,0.5693442,,0.6867752,0.2710342,,0.7054094,0.744089,0.9230428,,0.7163201,0.7726455,0.5250448,
m186,0.5966876,0.6417823,0.3665945,0.7717829,0.5175617,0.6159431,0.3962555,0.3803658,0.6271916,0.624537,0.5647284,0.7127214,0.4769608,0.2413571,0.4884449,0.3076716,0.3406207,0.3100702,0.4911568,,0.6431135,0.6819475,0.5936784,0.6034383,0.2599893,0.422876,0.6236648,,0.2573073,0.5288181,0.5012756,0.8273998,0.8232184,0.4885909,0.6520037,0.2435282,0.8198999,0.4781947,0.4685545,0.3366545,0.1522389,0.9552415,0.5204887,0.7535276,,0.7988582,0.4108002,0.2585923,,0.859439,0.7219778,0.5212363,,,0.3132423,0.49663,,0.2873464,0.6183127,,0.6044966,,0.7356393,,,0.6804893,,,,0.5720373,,0.5300607,0.8189392,0.6123878,0.2711504,0.4483482,0.3492676,0.4929077,0.6574647,0.7532003,0.293698,0.3506709,0.5848263,0.6848302,0.6189661,0.6408581,0.7900114,0.2180309,0.5050688,0.4284794,0.6125486,0.7054094,,0.5288369,0.4692464,,0.3894845,0.6025938,0.6454191,0.3657008
m188,0.4528209,0.5391919,0.4280821,0.4453574,0.4633598,0.4797035,0.7048307,0.5009967,0.5726951,0.5429865,0.4249147,0.5720237,0.3975062,0.4146994,0.6538013,0.5004805,0.3856787,0.5192457,0.6797295,0.2480398,0.5578426,0.5262124,0.5238001,0.5575794,0.4285653,0.5630674,,,0.4254627,0.5434612,0.6019841,0.7307028,0.3272965,0.3739144,0.5346416,0.3305876,0.5121241,0.5443871,0.7717167,0.6557927,0.4516354,,0.5349349,0.4830529,,0.7450794,0.3673956,,0.9041409,0.5319228,0.4653446,0.5826205,,,0.402979,0.4372362,,0.7839136,0.4245304,,0.4188237,,0.5608471,,,0.6704325,,,,0.377863,,0.5794015,,0.5705216,0.4641744,0.5730935,0.5485298,0.7573885,0.3588353,0.5998012,0.625867,0.4546049,0.3909721,0.4492456,0.5841503,0.5993789,0.475751,0.5563471,0.1763859,0.6106869,0.2422381,0.744089,0.5288369,,0.3704413,,0.4283829,0.6447169,0.5801886,
m190,0.4133406,0.1881723,0.5691901,0.6874354,0.3662847,,0.2795716,0.4434632,0.3733622,0.5613323,0.2570289,0.4982516,0.5810892,0.6803562,0.6324919,0.5526752,0.4821431,0.5594859,,0.3569857,0.5882197,0.3636735,0.1571844,0.4781237,0.5282739,0.3766798,,,0.5269271,0.195613,0.1832927,0.2684771,0.0223454,0.4298118,0.3856249,0.5446485,0.807341,0.257385,0.6148793,0.5336926,0.4908751,0.6979192,0.4501956,0.1935442,,0.3359328,0.3913906,,0.1402305,0.4805223,0.5419112,0.243202,,,0.3422841,0.4362682,0.216174,0.6399017,0.0436374,,0.9316222,0.7775127,,0.4994627,,0.3798749,,0.4975472,,0.1934635,,0.4547197,,0.2335955,0.5086274,0.4521578,0.7295143,0.4712317,0.3576,0.3063907,0.6305508,0.6039289,0.290684,0.3099095,0.3456701,0.5904785,,0.5495208,0.5761878,0.6433317,0.3815237,0.9230428,0.4692464,0.3704413,,,0.5070503,0.4430345,0.30748,
m192,,,,,,,,,,,,,,,,,,,,,,,,,,,,,,,,,,,,,,,,,,,,,,,,,,,,,,,,,,,,,,,,,,,,,,,,,,,,,,,,,,,,,,,,,,,,,,,,,,,,
m194,0.5325557,0.4009005,0.5619946,0.4022556,0.3794677,0.5005777,0.5122255,0.5790387,0.4155498,0.4049144,0.4735345,0.2590122,0.5787613,0.4846705,0.6121904,0.6222858,0.5692018,0.5841962,,0.3004768,0.368165,0.4827044,0.5046829,0.4142255,0.5778351,0.627858,,,0.6901569,0.4398679,0.4257183,0.1329509,0.2268838,0.4790286,0.460857,0.6062693,0.1956652,0.6299802,0.4248128,0.478711,0.521794,0.2853873,0.493925,0.4494018,,0.3300681,0.5789197,0.4329958,,0.5157639,0.4384337,0.4711085,0.8117269,0.8166762,0.5130171,0.6161414,,0.8361755,0.3869875,,0.3846692,0.5214264,0.579804,,,0.4090809,,0.6233008,,0.3952684,,0.4850386,0.1117805,0.2331353,0.5117502,0.3436553,0.4438811,0.7435042,0.3789124,0.3108531,0.5474008,0.5676074,0.2667727,0.3435787,0.4398685,0.3753243,0.4835152,0.6203586,0.7798276,0.4609059,0.0662101,0.7163201,0.3894845,0.4283829,0.5070503,,,0.4449118,0.5465761,
m196,0.6476234,0.6902537,0.3434012,0.8495007,0.4996222,0.7031927,0.532247,0.3866636,0.4318231,0.6747568,0.671288,0.5588518,0.4786519,0.2535498,0.3247775,0.3162874,0.3296001,0.3755575,0.7065642,0.5328445,0.6093984,0.6785348,0.7270926,0.5833862,0.2333566,0.4494105,0.7416393,0.7467611,0.3638914,0.6195699,0.4920438,0.7445598,0.6225117,0.6916704,0.6303774,0.4776355,0.7639398,0.7008577,0.4222252,0.6378939,0.4006546,0.5126428,0.4477756,0.6433409,,0.7236245,0.3008169,,0.7802362,0.5875036,0.8522242,0.4760436,0.3193902,1.0,0.2745784,0.3945091,0.5825994,0.8655281,0.5235752,,0.6951848,0.6071931,0.7007658,,,0.7799114,,,,0.691908,,0.4044433,0.9453793,0.5248635,0.3036271,0.5866379,0.5105499,0.3788215,0.6949551,0.7871699,0.3582103,0.4053239,0.7525444,0.6400987,0.6272429,0.7082016,0.7851553,0.3344897,0.7780375,0.4841774,0.6256056,0.7726455,0.6025938,0.6447169,0.4430345,,0.4449118,,0.5830507,0.9415878
m198,0.5686986,0.5625438,0.4459595,0.4369171,0.5236116,0.5379839,0.5460224,0.4651451,0.5493266,0.592611,0.4867637,0.494656,0.473066,0.4059917,0.5869764,0.5337847,0.4335265,0.4100114,0.347815,0.4662867,0.571473,0.4876822,0.5818235,0.4987721,0.4152394,0.5862966,0.3630011,,0.5044887,0.5629562,0.4076647,0.5402567,0.4567031,0.4985965,0.5617348,0.293248,0.6385045,0.5113502,0.5613422,0.8392225,0.3431802,0.4797724,0.4359636,0.4919047,,0.6023565,0.5240508,0.0876618,0.3043605,0.6369565,0.4257339,0.5859867,0.5790779,1.0,0.4345338,0.551935,,0.3382426,0.5431317,,0.501583,0.3908932,0.5095108,,,0.636457,,,,0.4957579,,0.5786021,0.8850177,0.5958623,0.4467854,0.5205857,0.4941888,0.5717784,0.5921903,0.5354808,0.4237369,0.5696578,0.5476596,0.5028941,0.5727533,0.5324847,0.5063003,0.4451474,0.3426159,0.4980406,0.4256723,0.5250448,0.6454191,0.5801886,0.30748,,0.5465761,0.5830507,,0.160909
m200,0.750348,0.8094747,0.4423479,,0.3091347,0.9097986,,0.4406988,0.6700602,0.7062079,0.56169,0.541772,,,,0.0601362,0.2638827,0.0798685,,,0.7108455,0.5836997,0.781062,0.4580471,0.1547155,0.9006859,,,0.0523362,0.7874898,0.0643681,,,,0.2507229,,0.925326,0.817589,1.0,,,,0.2736511,0.2262878,,0.6811355,0.4866366,,,0.6367874,,0.127632,,,0.3195031,0.3961604,,,,,0.6343262,,,,,0.9419462,,,,0.0158552,,0.5441776,,,0.3251301,,0.681234,,0.4560867,0.8176259,0.1888705,0.2309817,,0.5943969,0.7740352,0.4791572,,0.0593054,,0.347958,,,0.3657008,,,,,0.9415878,0.160909,
